"Plot","Repeat","SLA","PLSR_Predicted","PLSR_CV_Predicted","PLSR_CV_Residuals"
1172,1,219.886363636364,240.129123735426,240.486943561937,20.6005799255736
1155,1,167.903225806452,206.387614939862,206.917655258713,39.0144294522616
2246,1,228.977272727273,184.546906982899,183.371105289808,-45.6061674374642
2262,1,145.408163265306,194.562499004127,195.258550516905,49.8503872515993
2086,1,205.604719764012,213.955630228739,214.05231886061,8.44759909659771
2316,1,256.756756756757,252.837279392037,252.818291346979,-3.93846540977822
2112,1,220.886075949367,223.464581782391,223.476020263563,2.58994431419629
2121,1,230.027548209366,245.596405673795,245.824659376468,15.7971111671021
2187,1,260.857908847185,227.872506441663,227.253494212883,-33.6044146343023
2195,1,189.175257731959,224.35906289476,225.572469580706,36.3972118487469
2047,1,241.291585127202,234.243519293206,234.142445600582,-7.14913952661919
2208,1,214.956011730205,189.53432225627,189.076109636057,-25.879902094148
1297,1,177.741935483871,207.764728972393,208.198182320407,30.4562468365358
2062,1,229.11051212938,225.921862633991,225.877562829742,-3.23294929963853
1048,1,183.582089552239,218.657445207246,221.211456556457,37.6293670042187
2035,1,233.132530120482,200.434889039176,199.55190244399,-33.5806276764917
2175,1,202.352941176471,205.429398221743,205.499226293022,3.14628511655187
1022,1,207.796610169492,224.36443975311,224.56387214899,16.7672619794985
2157,1,318.095238095238,236.28935095102,230.971002838958,-87.1242352562797
2092,1,276.943005181347,235.042989042333,234.390454655033,-42.5525505263145
2027,1,245.582329317269,209.43203210685,208.132853396675,-37.449475920594
1031,1,188.560885608856,227.200227602237,228.701448291094,40.1405626822382
2186,1,203.157894736842,231.415594068875,231.804267420525,28.6463726836829
1189,1,194.34628975265,214.05078126894,214.385264381201,20.0389746285505
1314,1,217.351598173516,217.640833731763,217.609827854814,0.258229681298332
1174,1,250.227272727273,263.133415761037,263.26533273793,13.0380600106576
2019,1,254.95652173913,232.214841347831,231.992569450301,-22.9639522888297
2102,1,263.092269326683,209.740809746779,208.633229351383,-54.4590399753002
2222,1,256.509695290859,268.74163699768,269.002528413316,12.4928331224577
2156,1,237.395659432387,231.489768421071,231.442500355048,-5.95315907733936
1219,1,197.604790419162,207.824075723243,207.917960337986,10.3131699188244
2194,1,244.765342960289,250.014658342044,249.963197036538,5.19785407624943
1058,1,232.008830022075,268.183477804447,268.851540121079,36.8427100990035
2197,1,274.353448275862,247.841320162575,247.318352877889,-27.0350953979731
2077,1,283.768115942029,265.281093230744,265.050317575426,-18.7177983666032
2281,1,167.647058823529,187.516191956585,188.156007861567,20.5089490380375
2097,1,282.157676348548,242.147185732785,241.663206377552,-40.4944699709955
2033,1,246.808510638298,237.706432215239,237.559697297175,-9.248813341123
2089,1,288.539325842697,216.310884420218,215.249691624853,-73.2896342178434
2171,1,204.761904761905,204.016042389315,203.961433413476,-0.800471348428431
1176,1,206.260575296108,251.998807490567,252.61196437,46.3513890738915
2218,1,227.777777777778,218.225079240566,218.03998329892,-9.73779447885784
2306,1,232.987012987013,212.560450562904,211.75568792004,-21.2313250669729
1261,1,280.758017492711,270.910397282654,270.696370205526,-10.0616472871859
2085,1,222.058823529412,270.424714226222,271.248541579343,49.1897180499313
2088,1,242.677824267782,211.222594598794,210.751856791567,-31.9259674762151
1276,1,262.28813559322,261.666673473164,261.748468911368,-0.539666681851941
2288,1,219.774011299435,239.393001064046,239.670404084635,19.8963927852
2080,1,255.31914893617,258.403253190648,258.436828358639,3.11767942246877
2028,1,191.363636363636,187.571523605627,187.477728884722,-3.88590747891411
2206,1,212.5,236.338114398383,236.648205572311,24.1482055723112
1158,1,183.37182448037,217.243994730146,218.202603771542,34.8307792911725
2075,1,183.928571428571,187.91015992569,187.905637568845,3.97706614027359
2051,1,203.618421052632,241.997460208425,242.937813992223,39.3193929395915
1046,1,236.170212765957,214.083584190371,213.456545571222,-22.7136671947359
1311,1,203.693181818182,198.587306796734,198.495838197086,-5.19734362109543
2188,1,221.113689095128,204.215462885863,203.689691398053,-17.4239976970748
2292,1,208.658008658009,227.250803158259,227.448933173618,18.7909245156092
2287,1,189.52380952381,197.243495298343,197.405261068369,7.88145154455955
1054,1,204.666666666667,229.808657669246,230.886435920253,26.2197692535862
1264,1,201.666666666667,221.908292279181,222.161643843217,20.4949771765502
2234,1,141.12426035503,177.560957638678,178.740680142303,37.6164197872736
2148,1,206.188925081433,226.815328064007,227.030895261316,20.8419701798828
1111,1,225.137614678899,196.050635647086,195.031969162258,-30.1056455166408
2160,1,218.068535825545,227.229379780362,227.279648515381,9.21111268983609
1154,1,197.093023255814,204.335281587117,204.4074456451,7.31442238928585
2319,1,233.94495412844,251.89908604967,252.469606135085,18.5246520066442
1306,1,235.903614457831,259.006300743907,259.317262282618,23.4136478247868
2189,1,190.155440414508,211.077799086003,211.856364534825,21.7009241203174
1071,1,199.37369519833,242.974769726715,244.671349683705,45.2976544853748
1037,1,223.053892215569,229.909577442788,229.966738631014,6.9128464154453
2069,1,200.30303030303,221.76762926457,222.00584171178,21.7028114087493
2143,1,242.482100238663,213.940953175939,213.215043032212,-29.2670572064515
1020,1,268.253968253968,231.211911810514,230.60731559755,-37.6466526564184
1011,1,159.280303030303,218.26332038352,218.926591352165,59.6462883218616
1215,1,225.547445255474,264.090304360041,264.69739524814,39.1499499926651
2238,1,250,229.07413631262,228.651192530432,-21.3488074695679
1303,1,255.583756345178,236.097775353717,235.773669425746,-19.8100869194319
2153,1,162.102689486553,217.354643970795,218.645340017689,56.5426505311367
1120,1,231.221719457014,248.607708592961,249.659516407865,18.4377969508515
2309,1,194.53125,232.911862268816,233.475053112129,38.9438031121294
2256,1,213.286713286713,211.454009013921,211.480341233845,-1.8063720528682
2271,1,210.410094637224,218.259589738357,218.432589797625,8.02249516040129
2174,1,144.984326018809,182.976909528055,184.342481460239,39.3581554414302
2240,1,224.875621890547,229.642716223723,229.786620287604,4.91099839705646
2154,1,204.747774480712,204.837320007574,204.817113550334,0.0693390696218898
2036,1,265.317919075145,243.718491150945,243.19322795806,-22.124691117085
2250,1,212.299465240642,214.691495286834,214.815801738539,2.51633649789693
2254,1,303.713527851459,249.53299792397,248.863407517353,-54.8501203341055
1214,1,228.472222222222,204.315394424367,203.612781511551,-24.8594407106712
1057,1,222.575516693164,223.187087319657,223.198402850222,0.622886157057764
1167,1,238.018433179724,248.432915740437,248.539698312634,10.5212651329103
1036,1,235.280898876405,220.78325334728,220.569164893343,-14.7117339830617
2127,1,237.837837837838,190.647765887704,188.548601611002,-49.2892362268363
2026,1,244.935064935065,256.042429950607,256.260123808038,11.3250588729727
2046,1,219.230769230769,238.004333462787,238.281121424927,19.0503521941577
1073,1,298.466257668712,216.365924962453,214.940221738447,-83.5260359302651
1227,1,194.839857651246,199.778935887662,200.023373379655,5.1835157284097
2015,1,245.915492957747,226.078483090925,225.848622581663,-20.0668703760834
2079,1,163.793103448276,194.592895657328,195.28197774888,31.4888743006038
2170,1,217.994100294985,220.28905204185,220.276151215327,2.28205092034187
1175,1,248.453608247423,213.514861277036,212.856938668382,-35.5966695790412
2054,1,273.488372093023,272.641450392691,272.489505842712,-0.998866250311039
2130,1,198.905109489051,231.46067140252,231.824903057698,32.9197935686473
2103,1,250.980392156863,216.951063022839,216.277743924874,-34.7026482319885
1153,1,248.170731707317,209.948494189141,209.164739760728,-39.0059919465895
1192,1,161.240310077519,217.261398609293,219.133872827475,57.8935627499554
2041,1,188.317757009346,199.553257870462,199.914996970863,11.5972399615168
2004,1,243.75,244.34621297115,244.328823070849,0.578823070848642
1015,1,181.592039800995,240.361718698372,242.367231055907,60.7751912549122
1285,1,237.745974955277,248.647785221902,248.859915223872,11.1139402685947
1279,1,224,222.915830943271,222.883613912898,-1.11638608710197
1170,1,238.41059602649,249.889464162582,249.989881427161,11.5792854006708
1005,1,216.105769230769,229.011302459624,229.222921073541,13.1171518427714
2216,1,290.721649484536,249.061347124688,247.718718302768,-43.0029311817685
2191,1,294.719471947195,239.076480192665,237.206137506397,-57.5133344407976
2066,1,226.25,225.098387882416,225.107308680157,-1.14269131984292
2133,1,255.190311418685,232.794317414469,232.441803187652,-22.7485082310333
2038,1,273.094170403587,225.676114344127,224.753656378788,-48.3405140247995
1068,1,184.780487804878,194.189030414471,194.829639794796,10.0491519899181
1092,1,270.654627539503,244.969150385161,244.553142933002,-26.1014846065015
2100,1,292.490118577075,275.650961052839,275.431830901066,-17.0582876760087
2298,1,226.991150442478,242.510580789355,242.895159458195,15.9040090157174
2111,1,207.61421319797,220.665378438812,220.940125787074,13.325912589104
2181,1,220.533333333333,241.034726675923,241.330529062022,20.7971957286883
1079,1,228.958333333333,234.451394847703,234.499611038099,5.54127770476532
1021,1,232.067510548523,232.559422658729,232.517349068945,0.449838520422105
1116,1,270.207852193995,268.065435005354,268.017614368768,-2.19023782522737
1283,1,255.263157894737,252.746270906403,252.714175275918,-2.54898261881931
1119,1,133.431952662722,183.891292139742,185.330142229705,51.8981895669832
2164,1,286.118980169972,223.806039329361,221.940264416594,-64.1787157533776
2219,1,223.340040241449,237.164186615194,237.258527650814,13.9184874093655
1257,1,212.658227848101,281.369486803051,283.835203304017,71.1769754559155
2043,1,305.490196078431,235.936535802072,234.577285069101,-70.9129110093308
1273,1,201.644736842105,233.742634435961,234.226762049306,32.5820252072009
1270,1,266.019417475728,269.446280672932,269.501687792664,3.48227031693551
2204,1,220.448179271709,225.365303442787,225.404658287948,4.95647901623892
1084,1,229.113924050633,232.925437100371,232.992437113799,3.87851306316622
1281,1,211.267605633803,189.015767598341,186.620741485014,-24.6468641487888
2093,1,229.253731343284,232.244721581937,232.297511780992,3.04378043770845
1254,1,255.714285714286,223.901184691664,223.428781401222,-32.2855043130636
1051,1,186.77130044843,207.766592489411,208.319818747965,21.5485182995348
2248,1,205.357142857143,204.986840768713,204.943653118549,-0.413489738594279
2165,1,229.276315789474,255.543052029961,256.383395090553,27.1070793010796
1080,1,201.994301994302,200.761214532005,200.674831527109,-1.31947046719324
1271,1,213.207547169811,262.123277959651,262.846679186376,49.6391320165648
2228,1,258.928571428571,241.240164643939,240.807366369765,-18.1212050588061
1202,1,177.431906614786,206.703465365753,207.735769673206,30.3038630584201
2229,1,235.096153846154,226.255897232297,226.000113667156,-9.09604017899809
1045,1,235.932203389831,253.488259710749,253.983940803838,18.0517374140074
1206,1,262.724014336918,250.205931639025,249.959730932034,-12.7642834048838
1118,1,224.844720496894,231.883273656749,232.107360560355,7.26264006346062
2227,1,249.519230769231,229.627408499318,228.549798662391,-20.9694321068395
2073,1,259.090909090909,248.249018676453,248.11642390532,-10.9744851855887
2108,1,194.545454545455,155.038836487177,152.262624086659,-42.2828304587953
1304,1,243.030303030303,245.919457335456,245.993420052446,2.96311702214291
2152,1,214.096916299559,207.872611182365,207.724145907559,-6.37277039200043
1100,1,215.384615384615,234.142893758196,234.358735022316,18.9741196377001
1152,1,169.935691318328,187.6460681431,188.182669471823,18.2469781534951
2232,1,206.204379562044,226.008769094643,226.27048415571,20.0661045936662
2091,1,194.822888283379,172.004630847108,171.045709747116,-23.7771785362627
2074,1,214.43661971831,224.279927457763,224.426057929236,9.9894382109257
2090,1,200.769230769231,217.514775632124,217.714896400951,16.9456656317207
1178,1,250.204081632653,220.093371056129,219.021089280884,-31.1829923517694
2169,1,227.053140096618,228.243018697917,228.277442175951,1.22430207933232
2048,1,255.269922879177,226.043146160678,225.536731010598,-29.7331918685796
1179,1,178.322784810127,174.583211498672,174.560808398325,-3.76197641180138
1060,1,240.553745928339,228.32031350484,228.097305575016,-12.4564403533232
2196,1,207.936507936508,201.952900601334,201.840387754718,-6.09612018179004
1093,1,194.573643410853,203.278657792302,203.416661674753,8.84301826390018
2272,1,175.333333333333,214.698520580285,215.76618699517,40.4328536618364
2120,1,203.803131991051,220.925339483382,221.182782732489,17.3796507414376
2024,1,257.222222222222,240.688645876865,240.521477811355,-16.7007444108676
1098,1,162.371134020619,197.65273505352,199.664858698546,37.2937246779273
2274,1,202.826086956522,236.324047073592,236.735659411866,33.9095724553443
2163,1,172.043010752688,203.152282437848,203.827322913519,31.7843121608312
1191,1,271.651090342679,218.365197472547,213.410579709696,-58.2405106329827
2203,1,217.180616740088,210.030107586796,209.931524114157,-7.24909262593093
1128,1,208.196721311475,226.444074940211,226.759369736147,18.562648424672
2067,1,224.938271604938,230.345420091114,230.52379184354,5.58552023860219
1038,1,212.027491408935,213.383038459446,215.582791414246,3.55530000531098
1033,1,214.925373134328,253.362679610792,256.046843522392,41.1214703880638
2104,1,255.438596491228,246.173259912783,245.958644750442,-9.47995174078599
1165,1,214.57800511509,218.81469997822,218.842987277367,4.26498216227708
1245,1,152.956989247312,168.31530460365,168.987861390799,16.0308721434876
2061,1,247.169811320755,210.44399558942,209.577466344434,-37.5923449763207
1203,1,259.474671669794,244.355324545372,244.190852302195,-15.2838193675987
2057,1,221.858864027539,240.523310296824,240.806078088309,18.9472140607704
1249,1,205.188679245283,212.9807530332,213.042020265985,7.85334102070235
2082,1,190.909090909091,258.538579814296,260.162849500794,69.2537585917027
2249,1,152.471482889734,181.725333888567,182.827993976634,30.3565110869005
1185,1,200,202.965934887123,203.009764383566,3.00976438356636
2199,1,178.974358974359,169.688169144665,169.655647644817,-9.31871132954191
1315,1,245.671641791045,228.726573602656,228.422535539771,-17.2491062512734
1160,1,223.963963963964,227.139684941808,227.166049453298,3.20208548933408
1317,1,214.516129032258,221.72898606714,221.856014133855,7.33988510159648
1218,1,259.386281588448,249.367627698889,249.151242846138,-10.2350387423096
2001,1,225.476603119584,217.333623690445,217.104518079472,-8.37208504011198
2251,1,232,211.680744978949,211.163510513856,-20.8364894861436
2245,1,192.028985507246,210.43395379413,210.692399673273,18.6634141660267
1237,1,274.104234527687,251.027687881332,250.506808616464,-23.5974259112234
2099,1,283.195020746888,224.059974539119,223.206713704632,-59.9883070422556
2200,1,204.150943396226,202.477544739878,202.354971817281,-1.7959715789456
2299,1,226.666666666667,236.506767595421,236.580967277814,9.91430061114696
2289,1,225.409836065574,238.902064927319,239.369353106775,13.9595170412011
2265,1,190.243902439024,234.083868260539,234.849679512429,44.6057770734043
2237,1,261.660079051383,254.062187036678,253.94879451849,-7.71128453289322
1070,1,311.898734177215,225.082339734568,223.001731234506,-88.8970029427095
2110,1,212.342569269521,230.156741298708,230.725254458426,18.3826851889044
1001,1,299.657534246575,261.646301871582,260.911154092405,-38.7463801541699
1089,1,211.7903930131,227.56726671609,227.767863662156,15.9774706490556
2221,1,238.257575757576,208.20948359968,207.823136194603,-30.434439562973
1121,1,271.030042918455,236.207177584202,235.769809622669,-35.2602332957862
1044,1,241.176470588235,223.353627384899,223.015726460389,-18.1607441278466
1253,1,275.142314990512,251.197998233446,250.73927012348,-24.4030448670328
1171,1,226.556776556777,231.576501685713,231.729426278818,5.17264972204163
2045,1,209.118541033435,219.461695100857,219.57072011501,10.4521790815755
1117,1,200.197238658777,204.912063832378,205.195998699934,4.99876004115677
2243,1,187.544483985765,224.919089206182,225.367717661047,37.8232336752815
1075,1,204.054054054054,196.710062454652,196.59549723635,-7.45855681770362
1014,1,231.881533101045,251.589384978041,252.061420603181,20.1798875021356
1006,1,207.390300230947,196.13708094211,195.949906147451,-11.4403940834959
1309,1,202.888888888889,243.068844404439,243.724826193582,40.8359373046928
1316,1,167.957746478873,191.746591642361,192.052035235776,24.0942887569026
2022,1,229.411764705882,225.427149869439,225.354447734633,-4.05731697124889
1244,1,233.870967741935,249.081456176965,249.61785929338,15.7468915514447
1012,1,236.944444444444,216.477353081197,216.119283522818,-20.8251609216261
1028,1,244.662921348315,241.705199964893,241.651177884256,-3.0117434640589
2280,1,169.105691056911,176.329178271415,176.756974531361,7.65128347445
2098,1,246.619217081851,241.688715024823,241.623529298147,-4.99568778370369
2291,1,126.149425287356,172.373360757112,173.720328452029,47.5709031646723
1184,1,228.132992327366,236.945836254094,237.147606872161,9.01461454479531
1067,1,238.051044083527,232.295517186761,232.244273034478,-5.80677104904893
2294,1,167.777777777778,205.477595138522,207.34516780382,39.5673900260426
1029,1,168.623481781377,173.273274310606,173.418546895767,4.79506511439067
2239,1,245.386533665835,246.145952296113,246.1489637916,0.762430125764695
1239,1,217.948717948718,221.202761282026,221.297617196476,3.34889924775766
1267,1,225.352112676056,216.832929837816,216.706353010962,-8.64575966509392
1002,1,270.121951219512,249.816400996594,249.506291835926,-20.6156593835861
2223,1,186.279069767442,215.378766268876,215.689257018283,29.4101872508407
2006,1,193.965517241379,206.217756095417,206.560165747657,12.5946485062775
1205,1,234.826883910387,267.833381051374,268.461721848083,33.6348379376963
1019,1,162.983947119924,182.071935818834,183.598092561819,20.6141454418949
1222,1,204.100227790433,234.844908495822,236.615216816131,32.5149890256986
2081,1,269.709543568465,241.0102016333,240.64437017042,-29.0651733980445
1212,1,266.189111747851,246.60138759967,246.14324946872,-20.0458622791311
2241,1,138.490566037736,165.76041452736,167.138460362106,28.6478943243705
1268,1,244.444444444444,254.88289963924,255.125979213149,10.6815347687045
1112,1,183.368869936034,179.888838075625,179.834464697458,-3.53440523857583
2315,1,253.676470588235,261.860839598635,261.952271745185,8.27580115694988
1318,1,254.252873563218,220.069473046932,219.54965738518,-34.7032161780386
2183,1,183.935742971888,171.553804538629,184.416166384374,0.480423412486118
2255,1,284.976525821596,213.428160109063,212.229787528741,-72.7467382928548
1041,1,365.243902439024,253.164701334187,249.008321713839,-116.235580725186
1169,1,289.141414141414,247.693856272737,246.79299359344,-42.3484205479736
2147,1,224.834437086093,230.070808016207,230.186607557892,5.35217047179975
2236,1,188.976377952756,208.670070101836,208.899015731251,19.922637778495
2044,1,241.176470588235,245.595701672381,245.63579155505,4.45932096681454
1274,1,247.598253275109,239.911200482266,239.685253679378,-7.91299959573118
1266,1,225.12315270936,223.726795451093,223.872690261367,-1.2504624479927
2071,1,213,205.59478984781,205.426414746358,-7.57358525364231
2007,1,183.448275862069,199.025463184108,199.193749150123,15.7454732880538
2225,1,274.705882352941,247.646738606905,247.153885102596,-27.5519972503452
2129,1,136.245954692557,192.465921554835,193.52410665337,57.2781519608133
2210,1,250,241.962198170646,241.783056377335,-8.21694362266527
1289,1,287.012987012987,233.36945355067,232.754319521476,-54.2586674915112
2030,1,213.656387665198,213.684217748791,213.687893410097,0.0315057448983111
2010,1,200.507614213198,201.426768016685,201.678777349188,1.17116313599038
2023,1,237.434554973822,238.974039092079,239.268618597225,1.83406362340276
2202,1,226.902654867257,222.761159071718,222.486971169463,-4.41568369779404
2209,1,129.617834394904,153.288433859652,155.062060924637,25.4442265297325
1135,1,204.166666666667,199.819539035012,199.732114772884,-4.43455189378221
2131,1,202.485380116959,223.99024535351,224.237574319211,21.7521942022519
2185,1,194.520547945205,197.133482221459,197.17000200233,2.64945405712422
2302,1,213.131313131313,176.563069175798,175.518350412032,-37.6129627192815
1065,1,288.815789473684,265.435746629765,265.038526191836,-23.7772632818479
2032,1,226.283987915408,238.95362145929,239.086137184804,12.8021492693964
1025,1,214.262560777958,221.672936257686,221.785887407094,7.52332662913588
2125,1,247.394540942928,225.204796964298,224.865490882949,-22.5290500599793
2224,1,231.379310344828,242.017910513434,242.244533538813,10.8652231939849
2096,1,242.494226327945,238.599184925678,238.490624982079,-4.00360134586583
1159,1,237.722419928826,231.258152598152,231.160447313759,-6.56197261506685
2055,1,228.571428571429,255.611259801523,256.393067091164,27.8216385197359
2313,1,204.455445544554,227.016722198859,227.39951445305,22.944068908496
1310,1,194.96855345912,217.076352286645,217.499779460656,22.5312260015363
2017,1,255.307262569832,246.507075443699,246.375610491618,-8.93165207821426
1136,1,229.818181818182,236.85380328423,236.862550447713,7.04436862953142
2134,1,222.862453531599,234.581690543439,234.851439555037,11.9889860234388
1076,1,233.495145631068,227.568599240763,227.52797597542,-5.96716965564767
2114,1,258.880778588808,260.999282499846,261.035044622588,2.15426603377972
2296,1,243.75,241.218010301593,241.101368673079,-2.64863132692147
1201,1,237.554585152838,261.274990863365,261.789243773742,24.2346586209035
1187,1,229.69696969697,240.317126150716,240.455681188443,10.7587114914729
1220,1,195.407098121086,184.191398688596,184.035612709897,-11.3714854111888
2182,1,219.09307875895,240.703654858364,240.98432561639,21.8912468574399
1141,1,196.462264150943,216.127269370798,216.339262652071,19.8769985011272
1133,1,175.643564356436,182.257050104977,182.690708131271,7.04714377483515
1125,1,253.950953678474,236.141901702141,235.903897681833,-18.0470559966406
2063,1,277.358490566038,235.42669929355,234.585299058046,-42.7731915079916
2312,1,211.219512195122,247.011663406818,247.676603451287,36.457091256165
2117,1,249.397590361446,238.628670806303,238.229630888803,-11.1679594726429
1290,1,252.967525195969,235.163237388963,234.798293757526,-18.1692314384422
1164,1,242.134831460674,242.090538034636,242.113979520243,-0.0208519404306742
2140,1,245.372050816697,221.731580188352,221.512186148833,-23.8598646678643
1301,1,291.037735849057,250.502306939265,249.883896351376,-41.1538394976811
1211,1,204.705882352941,250.928597962414,252.324945348411,47.6190629954703
2184,1,208.995815899582,208.856707617229,208.887767128927,-0.108048770654761
1299,1,275.935828877005,229.457614125704,228.185580705898,-47.750248171107
2283,1,246.236559139785,235.303897707108,235.162356311242,-11.0742028285432
1104,1,208.432630614115,223.827244831014,224.163697046269,15.7310664321537
1262,1,266.666666666667,252.376887613965,252.004997122009,-14.6616695446575
2149,1,151.704545454545,202.629881388511,203.548331169039,51.8437857144941
2128,1,183.469387755102,197.65716984192,197.875871175902,14.4064834208002
1035,1,198.12030075188,207.916523161119,208.18487411697,10.0645733650903
2301,1,221.629213483146,240.926641747034,241.195004263468,19.5657907803217
2119,1,245.172413793103,257.814711437613,258.135441293157,12.9630275000539
1240,1,259.428571428571,250.226931194239,250.003809945136,-9.42476148343559
1228,1,268.412162162162,265.159865867719,265.0802540846,-3.33190807756182
2173,1,221.142857142857,241.077531246744,241.305189955728,20.1623328128708
2264,1,151.764705882353,228.29691789031,230.471381634349,78.7066757519963
2113,1,241.860465116279,228.617619939699,228.38879771034,-13.4716674059387
2166,1,230.088495575221,185.210728294494,182.923142130162,-47.1653534450595
1107,1,189.385474860335,209.548363120944,210.362977160187,20.977502299852
1026,1,261.870503597122,208.244548080566,206.101492079076,-55.7690115180468
1250,1,303.478260869565,255.863918571631,254.27960806424,-49.1986528053253
2137,1,191.372549019608,218.269238840614,218.727967314575,27.3554182949674
2162,1,218.468468468468,177.484517779738,176.059022820741,-42.4094456477272
1260,1,232.415902140673,221.82038803562,221.717780797427,-10.6981213432455
2167,1,234.415584415584,240.384021786952,240.553193124925,6.13760870934095
1236,1,250.699300699301,240.960262081471,240.722629746261,-9.9766709530395
1059,1,229.251700680272,229.104045347537,229.124473247055,-0.127227433216973
2115,1,247.428571428571,251.604465338479,251.719805547008,4.29123411843682
1150,1,168.707482993197,194.574696683449,195.227100969021,26.5196179758238
1147,1,227.533039647577,248.609096954794,249.179389984149,21.6463503365718
1139,1,151.833740831296,214.819570772116,215.658376359303,63.8246355280072
1024,1,206.545454545455,211.223331205772,211.260043992665,4.71458944721036
1017,1,244.423440453686,252.972552096661,253.117435611971,8.69399515828479
2029,1,257.843137254902,246.31690014606,246.14852118992,-11.6946160649819
1085,1,295.408163265306,262.498720274076,261.584162185798,-33.824001079508
2052,1,213.513513513514,233.135342485745,233.511551837184,19.9980383236705
2076,1,300,247.947975675885,246.317986220775,-53.6820137792253
1087,1,259.842519685039,248.107033569356,247.646564745617,-12.1959549394222
2190,1,207.869481765835,215.310406928654,215.38500477015,7.51552300431527
1168,1,193.305439330544,213.446651602591,213.680093999849,20.3746546693052
2101,1,253.74677002584,248.140023895455,248.04856486183,-5.69820516401032
2005,1,239.644970414201,256.160391425633,256.396481492727,16.7515110785261
2257,1,244.322344322344,224.535591987284,224.16106757645,-20.1612767458948
2269,1,350.45871559633,251.904873435523,249.024242585984,-101.434473010346
1072,1,172.151898734177,228.617435321293,229.922678082596,57.7707793484183
1124,1,257.55258126195,255.306091118339,255.249894545272,-2.30268671667841
1247,1,336.746987951807,223.022044819387,218.104068714947,-118.642919236861
1138,1,161.864406779661,246.876412097508,248.828416879167,86.9640100995063
2014,1,258.031088082902,261.126081780336,261.225947541149,3.19485945824761
2056,1,227.166276346604,245.497693339892,245.661287287805,18.4950109412011
1217,1,209.502262443439,244.519743471811,244.90665684972,35.4043944062808
2176,1,183.018867924528,197.274125395658,197.433299823309,14.4144318987806
1277,1,263.670411985019,252.672672220804,252.307645922923,-11.3627660620953
1126,1,198.433420365535,250.844905785495,251.512808970906,53.0793886053705
1207,1,239.368421052632,246.548294499234,246.626948328784,7.25852727615273
2259,1,203.202846975089,240.762376030063,241.409254885475,38.2064079103858
2179,1,221.241830065359,225.914736934983,225.999403280724,4.75757321536443
2151,1,249.715909090909,226.547488427203,226.056065270932,-23.6598438199772
2105,1,173.615635179153,176.557273126384,176.637685829029,3.02205064987641
2284,1,223.076923076923,230.431253457107,230.533173197021,7.45625012009785
1061,1,332.76955602537,250.609251663003,249.459242408239,-83.3103136171311
2107,1,204.761904761905,253.316146343847,254.091141394635,49.3292366327304
2258,1,209.178743961353,246.620809612709,247.145428159255,37.966684197902
1180,1,229.187817258883,267.383047951341,267.800161913896,38.612344655013
2270,1,227.083333333333,211.208405651278,210.861518425902,-16.2218149074316
1066,1,181.511254019293,199.786744633689,202.283888142973,20.7726341236802
2013,1,189.265536723164,203.277994516373,203.669962634522,14.4044259113582
1145,1,172.727272727273,207.055675104058,207.718164087235,34.9908913599625
1251,1,230.13698630137,236.88753342093,236.957314778097,6.82032847672733
2226,1,188.536238749408,188.734380253339,188.761965234332,0.225726484924053
1190,1,258.854166666667,239.515380225872,239.005836605103,-19.8483300615641
1149,1,183.297180043384,210.699979658436,211.119084164939,27.8219041215553
2285,1,203.65296803653,204.004376845099,204.119423751262,0.466455714732376
1224,1,256.62100456621,259.431137572805,259.111270914424,2.49026634821422
2266,1,211.170212765957,223.931218720581,224.081091578485,12.9108788125275
2039,1,201.344537815126,227.131520119105,227.396770908027,26.0522330929007
2311,1,253.286384976526,267.657408928708,267.985356231401,14.6989712548752
1280,1,270.655270655271,260.694510622168,260.571853574232,-10.0834170810384
1056,1,271.052631578947,270.525719450042,270.516302178873,-0.536329400073953
1269,1,228.759398496241,211.311936904797,211.030352829553,-17.7290456666875
1259,1,209.278350515464,220.189125057794,220.368600467733,11.0902499522691
2068,1,212.526997840173,241.395831108028,242.084569710958,29.5575718707854
1081,1,202.475247524752,219.148530936254,219.618507757109,17.1432602323569
2144,1,212.083333333333,220.853145918246,221.234364835817,9.15103150248359
1210,1,228.142076502732,231.312327630751,231.360233631319,3.2181571285868
1199,1,246.428571428571,237.604479444796,237.276956717631,-9.15161471094072
1295,1,232.252559726962,260.336458607663,260.961504113866,28.7089443869033
2116,1,269.54954954955,260.300964209319,260.173901696151,-9.37564785339879
2253,1,243.044619422572,238.312656067856,238.257652763109,-4.78696665946359
1312,1,231.337325349301,211.405484184938,210.211236414929,-21.1260889343722
2145,1,260,226.786933694865,226.366054473699,-33.6339455263006
1013,1,212.256267409471,229.689979169805,230.083729619678,17.8274622102071
2124,1,265.660377358491,245.007846642754,244.541184997748,-21.1191923607428
1243,1,245.341614906832,256.791417944726,257.059342015526,11.7177271086941
2180,1,203.934426229508,194.642663877024,194.45050351878,-9.48392271072794
1265,1,223.448275862069,245.385343497993,245.803894742954,22.3556188808851
1278,1,187.190082644628,201.39850186701,201.806940079885,14.6168574352569
1074,1,257.707509881423,236.550420807133,236.119448530486,-21.5880613509366
2178,1,241.842610364683,234.420787606371,234.295527776392,-7.54708258829086
1156,1,239.398998330551,227.497946639185,226.923707976572,-12.475290353979
1221,1,180.316742081448,199.507688595574,200.510482947591,20.1937408661431
1009,1,255.178268251273,245.402781934546,245.231527705411,-9.94674054586238
1298,1,144.862155388471,169.488876740582,170.018253400099,25.1560980116281
2087,1,252.806652806653,248.58980136365,248.549063769931,-4.25758903672187
1235,1,203.777335984095,262.978609982784,263.951778424168,60.1744424400721
2317,1,232.558139534884,250.984580118216,251.338044957002,18.7799054221185
2297,1,250.578034682081,240.724929026465,240.41400126457,-10.1640334175106
1027,1,243.548387096774,233.100094293198,232.962295144578,-10.5860919521963
1186,1,208.915662650602,207.342804326455,207.218148688356,-1.6975139622464
1010,1,153.066037735849,115.068739739394,112.660020981116,-40.4060167547326
2260,1,175.034867503487,190.371685901884,190.842764180115,15.8078966766283
1030,1,157.869249394673,189.337802098602,190.809964446876,32.940715052203
2320,1,240.673575129534,237.849722017186,237.826683844303,-2.84689128523078
1137,1,243.971631205674,238.003789536402,237.780724386515,-6.19090681915858
1069,1,232.865168539326,205.394291916717,204.951787648338,-27.9133808909879
1294,1,185.012594458438,198.898084541592,199.880207472293,14.8676130138545
1049,1,227.665706051873,245.425722763532,246.365824571207,18.700118519334
2207,1,237.904468412943,246.449212800016,246.510493324914,8.6060249119713
2193,1,166.666666666667,193.186699559009,193.898225940544,27.2315592738774
1083,1,219.881305637982,242.954764876878,243.383905548793,23.5025999108108
1131,1,224.137931034483,229.153287242881,229.275533186136,5.13760215165294
2247,1,278.197674418605,287.15056734604,287.225336135552,9.02766171694776
1157,1,170.717423133236,189.369216394816,189.762222585882,19.0447994526464
1231,1,217.361111111111,253.62093572011,253.976597339785,36.6154862286738
1246,1,289.578713968958,259.327685197572,257.893892557256,-31.6848214117016
1183,1,228.605200945626,239.849256390448,240.113199981122,11.5079990354952
2008,1,236.625514403292,236.388056535882,236.361887224866,-0.263627178425907
1108,1,266.381766381766,215.840301568631,214.386368839266,-51.9953975425002
1296,1,165.811965811966,217.835792025517,219.181245936974,53.3692801250087
1103,1,225.748502994012,242.483509427423,242.890808933696,17.1423059396843
2136,1,269.551282051282,257.484132623143,257.118788496637,-12.4324935546452
1007,1,218.351063829787,244.616934729003,245.327456764851,26.9763929350637
2231,1,341.071428571429,247.358378361933,245.836286412113,-95.2351421593154
1319,1,260.627177700348,239.058680464118,238.786321875914,-21.8408558244342
1039,1,223.955147808359,185.687583270384,183.950354215472,-40.0047935928872
2230,1,208.098591549296,230.802074129569,231.728862451269,23.6302709019734
2002,1,193.181818181818,223.585571518049,223.922624558333,30.7408063765146
2273,1,161.818181818182,194.967058103948,195.84755918318,34.0293773649978
1293,1,217.647058823529,215.931415680275,215.858452893525,-1.78860593000408
2011,1,258.6,240.498322208481,240.080487472817,-18.5195125271829
1042,1,215.384615384615,233.491723682039,233.928567585024,18.5439522004082
2016,1,243.817204301075,239.474035573676,239.425745464851,-4.39145883622479
2150,1,235.191637630662,235.255403958086,235.055624879416,-0.136012751245602
2037,1,171.030042918455,153.738840334839,152.906023489867,-18.1240194285878
2235,1,232.520325203252,197.43215437284,196.799098144626,-35.721227058626
2141,1,192.018779342723,209.278281304293,209.505312065862,17.4865327231393
2123,1,210.332103321033,226.491377820728,226.992565454554,16.6604621335211
2276,1,241.520467836257,230.600821404413,230.411200200879,-11.1092676353781
1198,1,276.391982182628,269.046677678535,268.872124014531,-7.51985816809747
2295,1,247.058823529412,231.145553411493,230.565440522004,-16.4933830074073
1095,1,270.580296896086,232.03876132094,231.491749389949,-39.0885475061379
2059,1,179.863945578231,175.426715776451,175.413728832264,-4.45021674596703
2201,1,259.722222222222,266.653381133488,266.880261120526,7.15803889830352
1023,1,204.934210526316,186.324350312898,185.658944850042,-19.2752656762734
2220,1,184.150943396226,227.252470560312,227.604711945127,43.4537685489011
2065,1,108.673469387755,167.72027541408,170.618348752327,61.9448793645721
1128,2,222.602739726027,234.309006040747,234.612094811558,12.0093550855304
1110,2,216.975308641975,223.531085343937,223.66578434171,6.69047569973438
2101,2,256.241032998565,234.343564743442,233.69742209753,-22.5436109010358
2177,2,169.539078156313,198.280720269737,198.654825187591,29.1157470312786
1130,2,189.97867803838,248.406020825076,249.183699181654,59.2050211432741
2272,2,162.616822429907,215.900179714662,217.375874901742,54.7590524718357
1304,2,251.851851851852,243.011494084829,242.87774815902,-8.97410369283179
1058,2,250.995405819296,240.410404781246,240.083041293049,-10.9123645262468
1132,2,215.05376344086,241.341115501242,241.553489409844,26.4997259689841
1288,2,288.16120906801,270.0513549095,269.653430353479,-18.5077787145314
2061,2,204.804804804805,211.372765820366,211.522309282653,6.71750447784842
2093,2,257.142857142857,234.150167092163,233.692973089166,-23.4498840536915
1215,2,243.934426229508,244.166473130746,244.167039583964,0.232613354455566
1161,2,195.374449339207,228.729229584278,229.3591222862,33.9846729469931
1243,2,264.670658682635,250.843816795561,250.556868953064,-14.1137897295707
2172,2,206.018518518519,218.149195925712,218.389256187461,12.3707376689425
2102,2,253.861788617886,193.935531685359,192.285278020522,-61.5765105973641
1301,2,213.559322033898,229.546083967175,229.834375814105,16.2750537802067
1100,2,199.122807017544,229.49849564709,229.890552820472,30.7677458029284
2230,2,206.005221932115,234.620676762735,235.330115506975,29.3248935748598
2167,2,195.402298850575,199.887315577181,199.983517215253,4.58121836467853
2316,2,241.880341880342,252.24030232843,252.380643783836,10.5003019034945
1073,2,145.431472081218,218.01430984058,219.583167714549,74.1516956333308
2295,2,255.102040816327,262.617090768777,262.697875952627,7.59583513630039
2165,2,238.241308793456,224.19280985462,223.827589430012,-14.413719363444
1023,2,200.367647058824,220.400662260463,220.737295589958,20.369648531134
1228,2,234.963325183374,242.539701043988,242.72484534194,7.76152015856621
2182,2,207.727975270479,230.585283202447,231.092129290438,23.3641540199591
2145,2,266.830466830467,223.575410999111,222.702597269859,-44.127869560608
1102,2,234.459459459459,260.702930537248,261.069528414657,26.6100689551979
2026,2,188.794926004228,203.219085884953,203.468186274148,14.6732602699194
1314,2,175.287356321839,181.268527678105,183.260242637092,7.97288631525333
1299,2,210,212.153664962525,212.249681449149,2.24968144914945
2242,2,174.712643678161,201.395459251517,202.217325597434,27.5046819192736
1271,2,244.299674267101,289.19116116677,290.545490014527,46.2458157474257
1115,2,194.481236203091,222.160407742577,222.508094511495,28.0268583084047
2045,2,192.996108949416,226.89316987371,227.246430886382,34.2503219369655
2179,2,206.363636363636,224.457658504677,224.762323062921,18.398686699285
1273,2,203.901437371663,214.181109211686,214.46048510721,10.5590477355463
2115,2,191.907514450867,202.352048266188,202.531776585514,10.6242621346466
1279,2,199.399399399399,227.651949254453,228.142494245729,28.7430948463301
2302,2,191.320754716981,197.912726866539,198.085986688647,6.76523197166625
2125,2,307.755102040816,259.762262664408,258.909540209168,-48.8455618316484
1002,2,337.204301075269,217.048719780834,214.549665007611,-122.654636067658
2217,2,206.701030927835,190.054026209601,189.738190976654,-16.9628399511813
1242,2,289.029535864979,274.675984527954,274.312683129974,-14.716852735005
2020,2,217.02786377709,215.141687610127,215.041538556604,-1.98632522048558
2069,2,218.75,202.713623073814,202.369708505331,-16.3802914946695
1265,2,226.95652173913,249.074389798825,249.524711782913,22.5681900437826
2083,2,209.505703422053,214.615000782863,214.653786518095,5.1480830960414
1259,2,220.525059665871,220.22809378601,220.277352422959,-0.247707242912355
1300,2,178.726708074534,151.129501948753,149.642354536224,-29.0843535383097
2239,2,193.178294573643,235.897342219393,237.302038880502,44.1237443068582
1026,2,187.118644067797,215.962840931599,216.660983636584,29.5423395687874
2146,2,214.134275618375,163.669535635603,162.237266108031,-51.8970095103436
1001,2,281.33704735376,271.548064311297,271.440259465503,-9.89678788825773
2286,2,199.441340782123,229.029895139972,229.36297064568,29.9216298635572
1067,2,202.439024390244,240.913896362704,241.622226599226,39.1832022089825
2168,2,247.337278106509,245.375106169512,245.247990576118,-2.0892875303912
2124,2,256.454388984509,258.644629922554,258.688880086337,2.23449110182793
2265,2,287.978142076503,213.183774867243,208.134995713714,-79.843146362789
1164,2,212.380952380952,213.998061117532,214.004867676373,1.62391529542109
2149,2,191.791044776119,224.73201511824,225.27511410511,33.4840693289906
2127,2,266.40826873385,222.219463054691,221.58925308243,-44.8190156514205
1192,2,222.772277227723,204.768975008845,204.099998118213,-18.6722791095101
2213,2,261.038961038961,268.011751469727,268.595093609159,7.55613257019758
2150,2,191.596638655462,217.291147684746,217.898333154062,26.3016944985999
1096,2,246.354166666667,207.947083550996,206.78838179075,-39.5657848759163
1152,2,183.80716934487,227.575106747853,228.022809318389,44.2156399735188
1025,2,209.490740740741,191.195675178359,190.707866094439,-18.782874646302
1051,2,169.579831932773,204.793824864418,205.656191803146,36.0763598703734
2056,2,219.187358916479,236.976294520857,237.138641294967,17.9512823784888
1213,2,216.861826697892,234.554742254745,234.782830393404,17.9210036955118
1255,2,275.766016713092,268.572099345585,268.308861087344,-7.45715562574776
2263,2,191.039426523297,242.923613862942,244.131255906334,53.0918293830361
1145,2,220.302375809935,216.714913625366,216.661072826146,-3.64130298378933
1057,2,212.57253384913,240.682807061194,241.691489428646,29.1189555795164
2087,2,281.663113006397,247.281628082648,246.909446754198,-34.7536662521986
1200,2,324.915824915825,271.035477061341,269.752267536382,-55.1635573794425
2113,2,238.775510204082,256.735354681246,257.306202639691,18.530692435609
1214,2,206.896551724138,202.265712473791,202.194393404649,-4.70215831948894
2050,2,203.157894736842,221.99847527031,222.238645209429,19.0807504725873
1252,2,230.272108843537,235.456798188908,235.633410927707,5.36130208416915
1036,2,284.088127294982,237.965942970374,236.508285053102,-47.5798422418794
1205,2,277.849462365591,277.550332510291,277.556456698213,-0.293005667378907
1093,2,176.951672862454,204.186535253219,204.742631771038,27.7909589085849
2181,2,181.437125748503,181.180480800607,181.119511983225,-0.317613765277997
1320,2,233.333333333333,240.671571644667,240.98473282422,7.65139949088675
1142,2,229.044117647059,227.896547221778,227.902123254173,-1.14199439288575
1178,2,227.222222222222,230.853122979407,230.993461926461,3.77123970423864
1201,2,239.106145251397,256.003651185874,256.368066423738,17.2619211723416
1006,2,283.850931677019,222.354930751416,220.299959214344,-63.5509724626742
1122,2,193.478260869565,234.797574225891,235.3707436285,41.8924827589345
2122,2,190.268456375839,237.628502579434,239.290267985569,49.0218116097304
2139,2,189.677419354839,206.607195706909,206.962409976871,17.2849906220326
2142,2,218.761726078799,213.34645457685,213.258163305449,-5.50356277335032
2276,2,183.544303797468,188.249663445164,188.365720708334,4.82141691086576
2141,2,166.290018832392,215.640950401831,216.181052645092,49.8910338127007
2140,2,251.428571428571,211.124449648412,210.429483832577,-40.9990875959946
2148,2,203.234501347709,256.432985797737,256.937943222616,53.7034418749069
2170,2,225.462962962963,201.314145285145,200.419975228185,-25.0429877347783
1232,2,266.402116402116,261.94463014732,261.721253981218,-4.6808624208989
2218,2,224.137931034483,231.698609945009,232.530613617466,8.3926825829837
2320,2,234.114583333333,243.882986133474,244.066850134883,9.95226680154954
2060,2,258.369098712446,252.121634865529,252.056600326329,-6.31249838611731
1005,2,226.88679245283,231.417995574947,231.546382367583,4.65958991475267
2303,2,227.862595419847,227.775988309382,227.86094886807,-0.00164655177744066
1092,2,257.817109144543,248.800686743373,248.631050250516,-9.18605889402659
2186,2,189.887640449438,234.522339588966,235.461663062263,45.5740226128252
1139,2,192.021276595745,212.61412408708,212.889774801114,20.8684982053695
1129,2,208.842105263158,222.143533881017,222.314611328964,13.4725060658061
2248,2,187.209302325581,201.930549393061,202.1078782969,14.898575971319
2202,2,221.645021645022,217.29574868558,217.115136903981,-4.52988474104021
2144,2,192.916666666667,231.288552086531,232.365511497537,39.4488448308705
1170,2,257.668711656442,246.946965557481,246.826975135539,-10.8417365209025
1319,2,228.402366863905,229.392677012265,229.416736283307,1.01436941940156
2052,2,253.793103448276,270.138608861777,270.391624075981,16.5985206277055
2138,2,237.226277372263,228.026512003116,227.86150727298,-9.36477009928245
2057,2,254.526315789474,256.508861755085,256.567496784719,2.04118099524484
1287,2,212.854030501089,270.196552846473,271.236672525102,58.3826420240123
1199,2,223.287671232877,242.323213685464,242.724515354845,19.4368441219684
2176,2,180.821917808219,206.393486827459,206.783571017041,25.9616532088215
2212,2,199.382716049383,230.328562674712,230.756610842544,31.3738947931612
2210,2,277.562326869806,254.044423640621,253.576640359311,-23.9856865104952
2215,2,256.307692307692,247.374087054774,247.129447602335,-9.17824470535754
1150,2,222.040816326531,236.207939498753,236.303745532532,14.2629292060018
1083,2,212.264150943396,225.274586731348,225.60273452112,13.3385835777237
2180,2,224.761904761905,182.296701368363,181.422621093785,-43.3392836681195
1292,2,215.500538213132,224.715417001288,224.894447199844,9.39390898671144
1303,2,241.411764705882,238.98671213356,238.970747971268,-2.44101673461469
1148,2,258.448753462604,220.273974111877,219.128877733073,-39.3198757295312
2048,2,305.649717514124,228.29269525855,226.587606091759,-79.0621114223651
1311,2,210.679611650485,230.832396117454,231.104267849246,20.4246561987605
2222,2,248.348348348348,225.617458203099,224.82386375794,-23.5244845904088
1196,2,231.572164948454,218.71437254324,218.557206375864,-13.0149585725894
1018,2,264.261744966443,257.350662866813,257.157651921573,-7.10409304487007
1290,2,201.33971291866,232.386464609063,233.00692561768,31.6672126990192
2028,2,156.296296296296,177.249946791058,178.183360243111,21.8870639468143
2005,2,235.658914728682,242.358598614027,242.471795727375,6.81288099869332
1009,2,262.995594713656,261.730757187036,261.800571613622,-1.19502310003412
2192,2,255.78231292517,194.788332338363,192.91297971302,-62.8693332121504
2281,2,141.436464088398,166.375196937344,167.457398486957,26.0209343985597
1260,2,218.378378378378,222.003519785878,222.296579198544,3.91820082016557
1153,2,220.846905537459,212.999683701834,212.778778116907,-8.06812742055266
1063,2,234.369602763385,199.652917949275,198.98762857339,-35.381974189995
2194,2,255.78231292517,266.413192136121,266.573032436903,10.790719511733
2043,2,261.363636363636,225.853540151705,224.956512245216,-36.4071241184206
1094,2,214.640883977901,225.358895841385,225.570138503113,10.9292545252129
1082,2,245.592286501377,254.646766948169,255.300736762468,9.70845026109049
2152,2,232.923832923833,213.524404103294,213.091496859358,-19.8323360644753
1163,2,205.93471810089,208.314427151231,208.583063534663,2.6483454337731
1097,2,259.668508287293,249.914942205683,249.75483373346,-9.91367455383241
1208,2,127.855153203343,265.19907806477,267.551361447949,139.696208244607
2041,2,163.703703703704,189.888990899591,190.503041541151,26.7993378374469
1156,2,259.959349593496,240.951010315023,240.323148445212,-19.6362011482834
2247,2,267.97153024911,275.443418811859,275.523457586641,7.55192733753074
1015,2,266.839378238342,247.320328084952,246.903186451202,-19.93619178714
2067,2,231.868131868132,248.197374803111,249.036759184965,17.1686273168329
1131,2,201.463414634146,215.154014932038,215.335666611993,13.8722519778462
1160,2,272.611464968153,258.274679573944,257.987426761414,-14.6240382067391
2114,2,221.071428571429,203.107373012376,202.842502467293,-18.2289261041357
2006,2,207.520891364902,219.664133622392,219.977205790265,12.4563144253627
2317,2,197.2,227.777198668465,228.388530117598,31.1885301175982
2207,2,230.15625,219.608953928751,219.488604144613,-10.6676458553871
2030,2,211.578947368421,214.710658531003,214.729921404539,3.15097403611759
1127,2,261.538461538462,243.138599987234,242.614877609966,-18.9235839284952
2206,2,213.888888888889,223.015947214738,223.12003678228,9.23114789339112
2266,2,211.326860841424,228.545796909024,228.79004391921,17.4631830777857
2231,2,262.880324543611,250.23757530528,250.041885646823,-12.8384388967877
2017,2,307.916666666667,269.122480106039,268.56015642638,-39.3565102402868
1099,2,155.203619909502,184.132372232925,185.578101687183,30.3744817776811
2023,2,240.412371134021,231.618179521784,231.347683196752,-9.0646879372691
1244,2,225.471698113208,248.732355359061,250.079627576673,24.607929463465
2224,2,240,228.627903077091,228.393396517554,-11.6066034824462
1059,2,252.255639097744,241.735616379195,241.591202566793,-10.6644365309511
2229,2,213.320079522863,219.798224236942,219.916685547815,6.596606024952
2022,2,260.31746031746,240.737478079657,240.471286411634,-19.8461739058265
2257,2,214.965986394558,226.887523876228,227.013208332047,12.0472219374887
1182,2,253.52798053528,248.342922131232,248.215108530446,-5.31287200483334
1241,2,322.332506203474,289.035415870244,288.367936987844,-33.9645692156303
1275,2,278.5,276.77317283406,276.752983156108,-1.74701684389197
2166,2,177.970297029703,189.803751391582,190.823274098624,12.8529770689211
1295,2,208.307692307692,224.456577720728,224.973689822187,16.6659975144943
2310,2,237.185185185185,265.272016167932,266.109297808806,28.9241126236205
1219,2,183.812949640288,205.087038729886,205.414766700961,21.6018170606733
2255,2,258.86524822695,207.681795196476,206.460805838973,-52.4044423879771
2088,2,240.51724137931,227.559752575304,227.252371356934,-13.2648700223764
1249,2,219.158878504673,249.158320229291,249.648624507187,30.489746002514
1198,2,289.212827988338,258.22580147121,257.768562752333,-31.4442652360049
1017,2,245.339652448657,241.136561468973,241.098932729554,-4.24071971910331
1197,2,268.20652173913,271.13856612486,271.225562177906,3.01904043877602
1075,2,214.711359404097,214.209804570349,214.256971747574,-0.454387656523323
2014,2,221.076233183856,235.896357968957,236.426651961276,15.3504187774195
1064,2,262.948207171315,260.145748026528,260.071944899141,-2.87626227217322
2219,2,227.016885553471,225.450282082714,225.412638254599,-1.60424729887174
1250,2,292.28650137741,263.216096204578,260.667925756812,-31.6185756205981
1049,2,278.753541076487,245.793129923462,244.740793770409,-34.0127473060782
2307,2,174.431818181818,217.134826848585,218.32830230053,43.8964841187116
2261,2,217.352941176471,240.874535064831,241.413325585869,24.0603844093985
1034,2,172.875816993464,183.99973394093,184.413319137643,11.5375021441788
2049,2,245.189504373178,231.159466373765,230.928103322606,-14.2614010505722
1297,2,203.448275862069,226.504147492801,226.739090968543,23.2908151064743
1207,2,196.168582375479,268.1954322103,269.013232494405,72.8446501189258
1217,2,207.078039927405,224.227579434712,224.639932429348,17.5618925019436
1274,2,222.480620155039,221.495272521045,221.495447722353,-0.985172432686227
1282,2,276.536312849162,256.49869184137,256.144547222551,-20.3917656266106
2318,2,245.026178010471,247.353496824419,247.532209301206,2.50603129073494
2246,2,239.301310043668,178.391984617539,176.901891601675,-62.3994184419929
1052,2,205.522682445759,247.347466679683,248.318671501789,42.7959890560292
2203,2,149.223946784922,203.130167381565,204.503895640834,55.2799488559118
1072,2,218.75,246.286480309248,246.646013720725,27.8960137207248
2157,2,232.985386221294,249.389361579342,249.759539776813,16.7741535555185
1193,2,285.714285714286,253.658664772534,251.877100414325,-33.8371852999604
1224,2,268.606701940035,248.321854718735,248.018516292866,-20.5881856471697
1296,2,219.897959183673,218.503039919337,218.468329759342,-1.42962942433169
2174,2,167.798913043478,199.892910447101,201.739703192194,33.9407901487154
2164,2,256.149732620321,229.362460160768,228.841888130559,-27.3078444897618
1050,2,213.605442176871,229.808322518814,230.113976617579,16.5085344407078
2315,2,278.737541528239,279.231778559005,279.247999021363,0.510457493123567
2117,2,200,235.355965847973,236.215052998027,36.2150529980271
2253,2,261.204013377926,274.14011434238,274.380792346568,13.1767789686415
1281,2,192.156862745098,200.315936163145,200.92921570042,8.77235295532179
1173,2,209.935897435897,233.299851277477,233.638431168262,23.7025337323648
2201,2,147.715736040609,215.046117477216,216.360865788077,68.6451297474678
2024,2,270.817120622568,248.693597663683,248.159010514646,-22.6581101079219
1010,2,185.365853658537,169.29564723937,168.513493577985,-16.852360080552
2038,2,275.083056478405,236.848861924811,236.257474441057,-38.8255820373483
2070,2,287.5,241.19525879994,240.678301985331,-46.8216980146695
2171,2,200.749063670412,218.718524194955,219.326218324259,18.5771546538471
2002,2,252.713178294574,247.401960372297,247.350467319908,-5.36271097466559
2188,2,201.980198019802,172.530358545505,171.403711078057,-30.5764869417447
2214,2,194.827586206897,215.617740567156,216.386723956204,21.5591377493075
2243,2,188.020833333333,207.105913174846,207.267484059775,19.2466507264412
2112,2,245.490981963928,222.694497665817,222.425712303338,-23.0652696605902
2254,2,282.287822878229,270.597642918872,270.375412824293,-11.9124100539356
2249,2,169.426751592357,197.581676279711,198.109944920261,28.6831933279042
1103,2,247.761194029851,245.874411628811,246.053919435651,-1.70727459419959
1084,2,182.426778242678,229.858010462026,230.493370772939,48.0665925302617
2119,2,249.812734082397,258.786961074286,258.879484181988,9.06675009959096
1158,2,243.30900243309,233.529618041976,233.399490110995,-9.9095123220952
2198,2,234.146341463415,236.527499561719,236.562400137412,2.41605867399738
2073,2,264.220183486239,252.537250272998,252.329514461727,-11.8906690245112
2039,2,221.973094170404,243.375093819617,243.774357809004,21.8012636386
1138,2,218.75,211.294499893625,211.022338199554,-7.72766180044604
1076,2,237.912087912088,238.3401280744,238.380144601294,0.468056689206463
1030,2,151.274787535411,204.709846774979,205.783956596088,54.5091690606771
1190,2,258.940397350993,230.765197825068,230.315971714298,-28.6244256366952
2158,2,202.576112412178,222.666443578806,222.838165107854,20.2620526956764
1033,2,184.272997032641,230.359797272101,231.907800097648,47.6348030650074
2259,2,207.773851590106,219.731895357147,219.821287210054,12.047435619948
2184,2,268.888888888889,227.033632815281,226.50499039964,-42.3838984892494
2195,2,196.178343949045,224.467190784558,224.872957427342,28.6946134782971
1046,2,189.206349206349,213.377822712226,213.925994502395,24.7196452960461
1168,2,183.194675540765,204.324854653045,204.750881329528,21.5562057887631
1316,2,209.442060085837,194.391135071006,193.898653595887,-15.54340648995
1086,2,296.958174904943,273.374842886735,273.062251282598,-23.8959236223446
2304,2,242.857142857143,240.613526459569,240.598496575148,-2.25864628199483
1079,2,199.248120300752,211.234025128521,211.543211622171,12.295091321419
2013,2,194.569288389513,234.645365745336,235.328115381054,40.7588269915405
1162,2,223.232323232323,214.15446554843,214.041199859642,-9.1911233726814
2147,2,211.337868480726,213.223548679624,213.222470918653,1.88460243792721
1245,2,177.261613691932,213.9599671447,216.0743452459,38.8127315539687
2131,2,109.950331125828,203.112494067541,204.293358593298,94.3430274674699
2190,2,203.980099502488,205.913022550453,205.943527808414,1.96342830592599
1105,2,270.93023255814,240.479253819649,240.050413802678,-30.8798187554611
2134,2,221.535181236674,199.12739240476,198.594419037497,-22.9407621991764
2021,2,279.250720461095,280.96560283531,280.989138782465,1.73841832137015
1315,2,216.953316953317,202.067434200414,201.875906480906,-15.0774104724109
2319,2,213.461538461538,249.303324774263,250.633504561875,37.1719661003367
1262,2,281.40350877193,264.241077714911,263.807769126735,-17.5957396451947
2035,2,262.241887905605,209.156906474286,208.258221000827,-53.9836669047773
1270,2,285.964912280702,276.831401714932,276.621771140608,-9.34314114009379
2037,2,149.353049907579,168.807395934378,169.754135356302,20.401085448723
2238,2,302.659574468085,233.985435691106,232.424304154243,-70.2352703138417
1280,2,215.972222222222,216.763031814975,216.787919344251,0.815697122029178
1180,2,238.720538720539,243.138265730562,243.178320361718,4.45778164117897
1140,2,253.287197231834,262.89799072911,263.062813225418,9.77561599358438
2044,2,202.90404040404,219.501754263937,219.896313824884,16.9922734208438
2103,2,242.363112391931,236.511554097239,236.440439975495,-5.92267241643572
1167,2,219.594594594595,212.756852550377,212.50874386869,-7.08585072590506
2262,2,160.245901639344,201.673879184557,202.279544637688,42.033642998344
1278,2,175.892857142857,218.60405881924,219.816409491061,43.9235523482037
2205,2,188.833746898263,215.695657294524,216.44297983566,27.609232937397
2227,2,103.484320557491,194.287603205911,206.23922129376,102.754900736269
2123,2,266.78445229682,221.319485074736,220.307100895907,-46.4773514009128
1151,2,286.363636363636,241.583910460691,240.807378604539,-45.5562577590974
2086,2,224.153498871332,228.861882807466,228.938213914601,4.78471504326916
2058,2,211.463414634146,212.963017303579,213.008497529334,1.54508289518719
2132,2,215.730337078652,241.154212569032,242.03599705661,26.305659977958
1012,2,242.331288343558,239.91538006821,239.886396078017,-2.44489226554165
2096,2,252.145922746781,242.472708026428,242.306696322302,-9.83922642447919
2081,2,271.045576407507,257.871626080971,257.738707843222,-13.3068685642851
1229,2,219.793459552496,246.817645324498,247.33836037668,27.5449008241843
2312,2,256.338028169014,248.521686892136,248.401164156702,-7.93686401231207
2151,2,201.341281669151,242.92037092109,243.83617147081,42.4948898016591
1307,2,263.607594936709,202.650003657052,200.977255206205,-62.6303397305043
2258,2,245.569620253165,245.718265471454,245.704638544805,0.135018291640307
2033,2,236.492890995261,248.204228207263,248.388444556421,11.8955535611604
2225,2,266.666666666667,258.397679141602,258.239697300324,-8.42696936634314
2040,2,260,221.01211082091,220.523738631582,-39.4762613684178
2110,2,195.913461538462,197.809067061524,197.801354771512,1.88789323305048
2154,2,176.178010471204,192.058810691425,192.402521936177,16.2245114649729
2001,2,213.350785340314,235.270061677178,236.015995769012,22.6652104286979
1256,2,231.189710610933,303.166916169017,305.437533618283,74.2478230073508
1206,2,278.472222222222,288.053257212046,288.353134733152,9.88091251092987
1283,2,255.700325732899,263.355808374799,263.426738314874,7.7264125819753
2065,2,183.268482490272,193.806929591875,194.361561690884,11.0930792006119
2169,2,164.116094986807,232.109138880408,238.736470495121,74.6203755083135
1222,2,206.506024096386,227.10635200917,227.534090148812,21.0280660524263
1211,2,316.299559471366,263.359513230626,261.580037714804,-54.7195217565619
1263,2,196.954314720812,217.571162072333,217.938669768863,20.9843550480505
1247,2,339.664804469274,238.217360068082,235.633517381953,-104.031287087321
2284,2,202.673796791444,236.706955710439,237.702527548888,35.0287307574442
2209,2,264.021164021164,218.82536384319,218.202955842578,-45.818208178586
2296,2,247.750865051903,238.983356268044,238.713977361038,-9.03688769086514
1020,2,266.787003610108,211.117203848577,209.774413758912,-57.0125898511965
1186,2,222.113022113022,243.267366892564,243.695743824613,21.5827217115905
2063,2,250.126582278481,259.859656955203,260.221469174686,10.0948868962047
2232,2,191.363636363636,207.953717826079,208.187173700543,16.823537336907
1029,2,212.371134020619,211.934252961362,211.863342095754,-0.507791924864136
2285,2,217.47572815534,205.380559297261,205.439855323664,-12.0358728316758
1264,2,193.165467625899,223.597014722496,224.588166880459,31.4226992545592
1078,2,243.872919818457,237.876374494289,237.788269166284,-6.0846506521732
2075,2,183.701657458564,195.554354508624,195.709334661257,12.0076772026938
1191,2,226.923076923077,224.873743575032,224.803677930713,-2.11939899236387
2042,2,257.446808510638,230.58517637676,229.217290075194,-28.2295184354441
1056,2,209.846827133479,225.753679084347,225.995871266812,16.1490441333332
2244,2,248.432055749129,239.887883225399,239.778796726036,-8.65325902309274
2036,2,279.385964912281,250.741661235897,250.070127977747,-29.3158369345335
1166,2,238.841567291312,231.669384284269,231.578302031438,-7.26326525987341
2128,2,209.071274298056,220.323015194751,220.467960000614,11.3966857025575
1113,2,233.12,237.648823159159,237.627462662922,4.50746266292231
2016,2,237.163814180929,233.432111746112,233.356886219448,-3.80692796148151
2245,2,220,211.086757426558,210.935613973816,-9.06438602618397
1284,2,264.485981308411,258.576540844994,258.466908349984,-6.01907295842676
1309,2,255.32319391635,242.192466377359,241.804464992999,-13.5187289233513
1302,2,230.329289428076,226.143616865954,225.980715895462,-4.34857353261393
1035,2,247.526501766784,241.959789698334,241.840242542773,-5.68625922401196
2010,2,243.143297380586,215.609223681396,215.109291852739,-28.0340055278467
2226,2,260.159362549801,197.689316290516,195.887720134977,-64.2716424148242
1071,2,269.300225733634,256.347532875708,256.227194633945,-13.0730310996897
1291,2,296.428571428571,257.649030427169,256.636352360955,-39.792219067616
2282,2,305.054151624549,291.784010249526,291.149138076688,-13.9050135478604
2066,2,190.103092783505,204.076325960363,204.388367926232,14.2852751427273
1306,2,281.979695431472,258.593341494885,257.941800498067,-24.0378949334047
2077,2,365.107913669065,288.986624952056,287.945720991029,-77.1621926780358
2185,2,156.694560669456,183.906486419228,184.546723183556,27.8521625141002
1237,2,163.185378590078,217.33352405484,218.554709588782,55.3693309987033
1285,2,212.03007518797,238.888191689425,239.653359416298,27.6232842283284
1212,2,184.401709401709,219.62459861924,220.52429808948,36.1225886877702
1069,2,152.336448598131,172.286530478696,173.31385580257,20.9774072044389
2100,2,283.069977426637,252.750452841873,252.359970779482,-30.7100066471548
2291,2,233.07392996109,225.203621048252,225.099323191307,-7.97460676978221
2221,2,259.016393442623,235.842866746056,235.590133263594,-23.426260179029
1045,2,233.048433048433,243.185543897736,243.25056736065,10.202134312217
2012,2,251.119402985075,227.309608868777,226.602822873749,-24.5165801113253
2298,2,196.615384615385,221.871398514879,222.623752157867,26.0083675424821
2268,2,165.839694656489,185.30035248887,186.068410684824,20.228716028335
1081,2,199.382716049383,203.857430820353,203.924350779194,4.54163472981148
2187,2,211.832061068702,231.13138166538,231.592569084318,19.760508015616
1044,2,216.582914572864,233.485696158033,233.752940480512,17.1700259076477
2290,2,186.315789473684,225.698351109909,226.783791273611,40.4680017999268
2120,2,218.046357615894,196.356444555096,195.647952963461,-22.3984046524328
2251,2,226.315789473684,226.235907926615,226.234341982392,-0.0814474912920957
1147,2,191.686460807601,230.456924128241,231.351254357041,39.6647935494399
2199,2,137.078651685393,160.355588512004,160.923149189577,23.8444975041835
1204,2,246.461538461538,232.288166606497,232.106830430633,-14.3547080309057
1055,2,213.707865168539,216.109352978683,216.14743875144,2.43957358290061
1146,2,259.299516908213,256.745115163869,256.724106391317,-2.575410516896
2297,2,243.190661478599,251.148645096338,251.264449790413,8.07378831181362
2137,2,206.598984771574,206.720670137027,206.755658777809,0.156674006235164
1276,2,269.339622641509,277.208330554669,277.797770784143,8.4581481426336
1258,2,212.396694214876,210.310700836388,210.207203623616,-2.18949059125993
2293,2,260.740740740741,252.087512497478,251.963408369401,-8.77733237133978
2235,2,206.547619047619,193.708746647614,193.203654357438,-13.343964690181
1165,2,198.177676537585,208.346156048354,208.431210553864,10.2535340162781
1125,2,207.56880733945,229.425969089465,229.873798615331,22.3049912758812
1183,2,209.57095709571,236.302734163512,236.537743871249,26.9667867755391
2204,2,223.755656108597,225.032657761935,225.035921363186,1.28026525458827
2082,2,288.095238095238,240.735070690005,240.25896277747,-47.8362753177682
2062,2,225,247.281070153395,247.542891370615,22.5428913706155
2118,2,285.629921259843,234.96414017637,234.32792856016,-51.3019926996824
1305,2,231.201550387597,238.637088719279,238.802924407044,7.60137401944695
1159,2,278.971962616822,255.044584167434,254.646206968588,-24.3257556482347
1189,2,195.918367346939,227.000452586377,227.443822516895,31.5254551699565
2095,2,249.263157894737,258.742307144628,258.811103470544,9.5479455758074
2018,2,280.745341614907,261.379741076589,260.667826496985,-20.0775151179222
2234,2,171.335504885993,195.556668519507,195.864271060171,24.5287661741774
1268,2,200.995024875622,169.174671316456,166.321395709882,-34.6736291657402
2196,2,191.98606271777,221.262262110292,221.642605939732,29.6565432219615
2308,2,197.619047619048,207.287842029957,207.930927864554,10.3118802455063
2275,2,241.056910569106,223.638923066085,223.400845560556,-17.65606500855
1065,2,289.671361502347,262.404546047357,261.920901960857,-27.7504595414907
2299,2,238.781163434903,244.109853530247,244.127333188225,5.34616975332173
2004,2,256.25,241.791846749613,241.524379047533,-14.725620952467
1077,2,205.833333333333,247.559483757838,248.55049983995,42.7171665066168
2287,2,173.858921161826,196.166083702667,196.942902977478,23.0839818156523
1210,2,215.873015873016,259.763902688585,260.917748812869,45.0447329398531
1038,2,211.181434599156,201.824897064527,201.74922078494,-9.43221381421625
1188,2,266.895368782161,233.591679264575,232.758761941332,-34.1366068408288
2301,2,215.151515151515,249.09289240479,249.399273924546,34.2477587730305
2153,2,191.970802919708,223.396265967354,223.833264150233,31.8624612305248
2007,2,205.740181268882,222.1541311059,222.395836874027,16.6556556051447
2130,2,199.086757990868,220.978090263733,221.192609769772,22.1058517789047
1070,2,214.91935483871,228.372839335383,228.704336510071,13.7849816713618
1172,2,221.693121693122,221.654348115649,221.777279237998,0.0841575448766605
1135,2,225.634517766497,219.371988357483,219.309589773321,-6.32492799317617
1310,2,239.016393442623,235.309090003095,235.240823196357,-3.77557024626631
1209,2,240.136054421769,231.362227499436,231.229557342617,-8.90649707915165
1089,2,205.099150141643,214.697540200719,214.817064578246,9.71791443660294
1216,2,261.696658097686,247.930465087641,247.774199633495,-13.9224584641911
1008,2,228.686868686869,244.01030990338,245.265582277083,16.5787135902146
1041,2,226.975476839237,240.31975898941,240.579760737296,13.6042838980593
1169,2,322.878228782288,256.664171240803,254.670206541347,-68.2080222409411
1269,2,227.492447129909,239.487474755215,239.647513685941,12.155066556032
1117,2,169.325153374233,209.828847687802,211.335891573455,42.0107381992218
2032,2,245.094664371773,230.428842097249,230.240146132053,-14.8545182397193
2003,2,166.233766233766,205.472447622049,206.005478770497,39.7717125367307
1221,2,171.428571428571,219.416101108471,220.159437575161,48.7308661465893
1293,2,253.846153846154,217.09320519108,216.523826561671,-37.3223272844824
2092,2,240.5,214.46481768017,213.478913981631,-27.0210860183687
2306,2,283.333333333333,265.753445150852,265.38661362334,-17.9467197099936
1174,2,233.817126269956,231.939477351324,231.896582745167,-1.92054352478908
2080,2,201.766004415011,244.059539624383,244.577974404062,42.8119699890506
1116,2,307.042253521127,296.077847275552,295.729212652814,-11.3130408683126
1230,2,270.718232044199,248.065061276588,247.90321288368,-22.8150191605184
1019,2,190.854572713643,211.058853028085,211.843858146037,20.989285432394
1066,2,260.99173553719,229.807714048548,228.795099703922,-32.1966358332677
2200,2,208.873720136519,215.606004525293,215.675984871874,6.80226473535549
2059,2,246.799116997792,243.20132926534,243.103743663977,-3.69537333381498
1133,2,190.571428571429,207.303375041796,208.061809467973,17.4903808965446
1313,2,270.754716981132,282.282773571849,282.59705129393,11.8423343127978
1104,2,222.314049586777,241.912721972565,242.074928850354,19.7608792635768
1233,2,276.296296296296,273.896765295036,273.9583310639,-2.33796523239607
2197,2,244.273127753304,239.138629806886,239.041808313531,-5.23131943977299
1112,2,136.898395721925,164.241802936779,165.407537044962,28.5091413230365
2189,2,213.438735177866,221.752791485705,221.853888851003,8.4151536731373
1286,2,218.085106382979,233.770138236126,233.957793297089,15.8726869141103
2270,2,242.105263157895,204.88364930493,203.952612662997,-38.1526504948977
2283,2,175.36231884058,232.206177122839,232.691868570438,57.3295497298579
1136,2,287.861271676301,269.38108953748,269.098874701704,-18.7623969745965
2256,2,188.888888888889,220.67188623525,222.009348326015,33.120459437126
2098,2,294.041867954911,253.094073435435,252.623206255049,-41.4186616998629
2274,2,250,249.669177802318,249.707341130858,-0.292658869142315
1121,2,228.467153284672,242.846552143529,243.105111474502,14.6379581898303
2267,2,302.429149797571,279.312657830495,278.932421663494,-23.4967281340765
1223,2,224.84076433121,242.29314803924,242.599654866519,17.7588905353083
1047,2,302.134146341463,277.990941035872,277.696465462247,-24.4376808792167
2121,2,236.082474226804,242.680293804895,242.740790720737,6.6583164939324
2126,2,220.141342756184,244.306724500428,245.161618386449,25.020275630265
2064,2,199.56043956044,204.674756695808,204.74077260494,5.18033304450068
1043,2,208,227.390597423577,227.715119068614,19.7151190686139
1062,2,291.715976331361,251.260373659069,249.882105262432,-41.8338710689287
1107,2,207.390300230947,223.793612707357,224.272795914394,16.8824956834469
1011,2,207.602339181287,234.668524344868,235.040171231364,27.4378320500775
1037,2,188.9035667107,201.317923390593,201.62175992945,12.7181932187502
1226,2,308.284023668639,275.901901736888,275.009544061068,-33.2744796075714
1060,2,197.235023041475,236.909278800759,237.308786485668,40.0737634441931
1187,2,198.366013071895,237.442881334678,237.910924380861,39.544911308966
1021,2,226.885245901639,235.37069948002,235.419372225072,8.53412632343225
2233,3,316.724738675958,282.724645667773,282.089497801193,-34.6352408747651
1168,3,152.479338842975,196.072926342703,197.138455984381,44.6591171414059
2126,3,208.571428571429,235.533972206993,235.794765854736,27.2233372833075
2082,3,234.89932885906,200.758326507366,199.598369112461,-35.3009597465999
1051,3,205.097087378641,216.207719154807,216.360008406408,11.2629210277671
1024,3,200.735294117647,231.611021451661,232.431603511958,31.6963093943107
2226,3,285.227272727273,209.087598706116,208.271317000152,-76.9559557271205
1241,3,324.539877300614,273.155133160039,272.391117543364,-52.1487597572496
1126,3,303.133159268929,251.573966068248,249.6802784225,-53.4528808464299
1308,3,280.184331797235,278.550823168047,278.531400293065,-1.65293150417
1053,3,202.262443438914,251.299145293844,252.748925528644,50.4864820897305
1167,3,207.228915662651,237.418206216205,237.886175742809,30.6572600801585
2166,3,168.558951965065,185.161414046608,185.860147511968,17.3011955469027
1034,3,217.287234042553,175.598695709747,174.679309376037,-42.6079246665159
1048,3,202.614379084967,222.526404156732,224.082490070573,21.4681109856055
2032,3,286.865148861646,260.780717076556,260.50929075917,-26.3558581024762
1194,3,176.907216494845,185.232768452394,185.378420280413,8.47120378556812
2068,3,238.083538083538,242.512821452878,242.603125258814,4.51958717527631
1023,3,212.592592592593,210.114787566943,210.04806377872,-2.54452881387269
2072,3,159.414990859232,169.999386636221,171.228899474051,11.8139086148191
2076,3,251.829268292683,245.348744231077,245.235589916557,-6.59367837612584
2038,3,293.396226415094,260.919803237951,260.560537648218,-32.8356887668767
2195,3,215.602836879433,221.963080632105,222.153420472753,6.55058359332025
1244,3,267.637540453074,268.176743403668,268.228766089657,0.591225636583033
2051,3,248.109965635739,263.149296002079,263.419164143999,15.3091985082603
2196,3,218.230088495575,201.45633858703,201.09000281051,-17.1400856850656
2061,3,210.95406360424,180.387571678866,179.723847676497,-31.2302159277437
2161,3,230.627306273063,251.522181895596,251.935940090753,21.3086338176904
2208,3,236.057692307692,221.665744955887,221.449197546335,-14.6084947613575
1206,3,247.109826589595,241.280356659702,241.185728994143,-5.92409759545262
2170,3,199.122807017544,225.400625564703,226.245161858522,27.1223548409777
1255,3,333.333333333333,251.424036912216,250.373544676686,-82.9597886566474
2101,3,235.732009925558,232.374570639458,232.434432622404,-3.29757730315384
1098,3,203.770491803279,208.957620965792,209.384555591078,5.61406378779975
1012,3,200.842696629213,206.87234958174,207.023419345388,6.18072271617422
2121,3,269.381107491857,218.674336375005,215.436439910509,-53.9446675813478
2167,3,224.358974358974,240.355180004237,240.7577459016,16.398771542626
2018,3,280.337078651685,266.858553182759,266.578551887894,-13.7585267637913
1299,3,319.155844155844,235.382858128948,233.394828371638,-85.7610157842057
2117,3,197.245179063361,204.315710138091,204.537784836682,7.29260577332144
2108,3,188.888888888889,206.215412522518,206.721426124605,17.8325372357158
2209,3,149.90990990991,173.121149859132,179.843404818949,29.9334949090388
1080,3,202.385685884692,201.381537289219,201.083050584131,-1.30263530056132
1258,3,209.420289855072,201.89570922208,201.584930343501,-7.83535951157131
2100,3,290.889830508475,268.103186146725,267.743932742979,-23.1458977654951
1099,3,211.808118081181,230.49363241266,230.92216791187,19.1140498306896
2275,3,241.176470588235,201.996147347817,201.443570006093,-39.7329005821423
2297,3,263.990825688073,266.629509413196,266.740773463031,2.74994777495726
2081,3,240.239043824701,262.667799118829,262.922749105565,22.6837052808643
2307,3,182.236842105263,213.156116482679,213.955918926439,31.7190768211758
1248,3,217.293233082707,241.121655419338,242.567811150992,25.2745780682856
1317,3,216.97247706422,247.899046983924,248.475163458185,31.5026863939649
2280,3,211.95219123506,222.228319665214,222.389216061681,10.4370248266213
2120,3,218.157181571816,237.445295295453,237.717326919592,19.5601453477765
2023,3,245.102505694761,224.436570124663,223.639147848456,-21.4633578463047
1199,3,285.201793721973,252.43613366434,251.877545789782,-33.3242479321914
2235,3,191.420118343195,207.228318901884,207.498563293777,16.0784449505822
1300,3,182.766439909297,192.195180685367,192.422467433958,9.65602752466054
2162,3,210.47227926078,189.242668090008,188.040267494223,-22.4320117665571
2004,3,183.539094650206,248.914743843786,249.922564834028,66.3834701838222
1276,3,311.929824561404,293.457454626333,292.942094035118,-18.9877305262852
1087,3,187.463556851312,243.160732398601,246.808145403618,59.3445885523064
1108,3,288.015717092338,188.324488996382,185.024782248008,-102.99093484433
2314,3,194.880546075085,214.271459287091,214.610896572188,19.7303504971031
2106,3,196.933333333333,210.645828012485,211.142700296415,14.2093669630815
2074,3,245.925925925926,230.133285662789,229.857275746369,-16.0686501795566
2221,3,187.090163934426,194.483043365154,194.591989609563,7.5018256751369
1197,3,242.535211267606,255.188979405377,255.436169975101,12.9009587074956
1163,3,213.259668508287,200.820501123189,199.229865259609,-14.0298032486787
2222,3,221.551724137931,237.309558533151,237.832189166443,16.2804650285123
1281,3,167.857142857143,187.049322472945,189.292644482773,21.4355016256298
2005,3,234.821428571429,256.285757327798,256.743709067562,21.9222804961337
1203,3,263.476070528967,250.403191774666,250.284151355994,-13.1919191729729
1008,3,209.405940594059,240.9253172516,241.50891512291,32.102974528851
2017,3,297.19387755102,236.033436504156,234.52528136622,-62.6685961848008
1294,3,231.838565022422,210.076829024462,209.006172278713,-22.8323927437081
2123,3,242.105263157895,252.756732983041,253.175677609847,11.0704144519528
2254,3,263.138686131387,273.072053207964,273.282927293221,10.1442411618338
2104,3,243.389830508475,234.334855291353,234.172048245229,-9.21778226324545
2125,3,261.538461538461,252.958377654986,252.727059980704,-8.81140155775782
1161,3,198.95652173913,213.501678778198,213.869964562465,14.9134428233342
2197,3,276.142131979695,244.511859945736,244.112857165845,-32.0292748138508
2168,3,260.813704496788,225.157190882798,223.609781356575,-37.2039231402134
1118,3,191.304347826087,226.666338596968,227.39561055912,36.0912627330327
2022,3,300.261780104712,202.514484111401,200.537205337249,-99.7245747674631
1303,3,220.960698689956,202.953087094572,202.552325354406,-18.4083733355501
2230,3,224.028268551237,216.295446452983,216.109075007195,-7.91919354404186
1031,3,171.929824561404,203.261125009808,205.621796704846,33.6919721434421
2236,3,281.395348837209,210.748236545032,202.420102438026,-78.9752463991832
2040,3,253.584905660377,235.082615840407,234.809845934054,-18.7750597263238
1278,3,236.653386454183,243.315250035086,243.978082975019,7.32469652083574
2285,3,214.285714285714,204.887173399442,204.681959829944,-9.60375445576983
1133,3,229.70297029703,172.776653528443,170.228410553443,-59.474559743587
2092,3,197.560975609756,229.17861615853,230.226137332045,32.665161722289
2191,3,238.483965014577,217.974544864063,217.316333806207,-21.1676312083704
2252,3,291.06699751861,277.452363778984,277.196193275121,-13.8708042434896
2127,3,271.704180064309,233.217723540799,232.623355411358,-39.0808246529512
1287,3,278.154425612053,248.79458472295,248.34866439531,-29.8057612167431
1253,3,255.677655677656,226.023040485564,225.480219725691,-30.1974359519645
1144,3,268.789808917197,262.403807134052,262.147408647286,-6.64240026991109
1029,3,193.065693430657,211.612375173516,212.116226255303,19.0505328246462
1319,3,319.047619047619,220.232453416545,218.881983441285,-100.165635606334
1209,3,270.3125,250.934198841014,250.476063325252,-19.8364366747481
2113,3,196.72131147541,247.280730865722,248.688520501144,51.9672090257339
2043,3,281.481481481481,251.025103780408,250.184756024723,-31.2967254567586
1200,3,257.10843373494,239.8310647192,239.661760036555,-17.4466736983846
1068,3,201.227830832196,208.222122400996,208.603478516957,7.37564768476091
1086,3,247.083333333333,254.496085346241,254.588596157279,7.50526282394586
2033,3,275.475687103594,236.041685766765,235.041214524649,-40.4344725789453
2215,3,292.03187250996,268.251196618834,267.413811031306,-24.6180614786546
1067,3,230.176211453744,222.880837579858,222.79338366454,-7.38282778920458
2133,3,285.51724137931,240.455894141212,239.597516725503,-45.9197246538077
2159,3,259.432799013563,244.330324520153,243.73635444317,-15.6964445703934
1273,3,255.662188099808,249.636328746771,249.36338882248,-6.29879927732853
1211,3,272.282608695652,239.561869102387,238.378523367338,-33.9040853283137
1225,3,310.687022900763,263.324740732316,262.860315438615,-47.8267074621489
2002,3,206.382978723404,211.033990971706,211.068784912765,4.68580618936107
1111,3,224.163568773234,229.954002118086,230.035777605329,5.87220883209434
2027,3,307.729468599034,235.500574963523,230.602331722512,-77.127136876522
1107,3,165.50079491256,191.794168233164,192.624970177471,27.1241752649115
1036,3,244.991212653779,210.848759694963,210.034959898733,-34.956252755046
2301,3,206.896551724138,220.5144531971,220.639914343238,13.7433626191001
1173,3,235.537190082645,236.446387803176,236.446198460331,0.90900837768632
1143,3,269.850746268657,256.093068242347,255.745055695536,-14.1056905731203
2086,3,231.135531135531,242.919638721742,243.068232290217,11.9327011546854
2188,3,190.9375,176.428019672997,176.142826834699,-14.794673165301
1246,3,279.272727272727,277.90168171592,278.725445894209,-0.547281378517823
2263,3,290.594059405941,247.669212678273,246.9293728786,-43.6646865273403
1238,3,246.808510638298,202.995670281046,202.355648920696,-44.4528617176015
1227,3,248.866498740554,208.770351045064,204.259963641885,-44.6065350986695
2180,3,197.927461139896,198.13636382625,198.114638738703,0.187177598807097
2187,3,256.531531531532,230.644285998379,230.231746328684,-26.2997852028477
1174,3,236.221590909091,235.143782601625,235.113441793771,-1.10814911531975
1222,3,272.164948453608,228.726442677995,227.537199972461,-44.627748481147
1247,3,260.846560846561,227.735532871901,229.087693681662,-31.7588671648985
1236,3,238.283828382838,252.156088465481,252.449137026824,14.1653086439856
2019,3,309.887005649718,264.815548688715,264.353814141563,-45.5331915081541
1082,3,237.215528781794,215.128421471271,213.837744795252,-23.3777839865421
1045,3,243.827160493827,226.436361840271,226.096825188495,-17.7303353053325
2036,3,244.444444444444,252.6939118323,252.721812747877,8.2773683034327
1097,3,251.457725947522,216.062067492427,215.352009952815,-36.1057159947066
1293,3,243.877551020408,220.333981028696,219.795891939692,-24.0816590807163
2145,3,241.666666666667,238.205929407592,238.132241448074,-3.5344252185925
2116,3,297.643979057592,245.016879536085,244.501295833834,-53.1426832237573
1003,3,255.157894736842,248.085878052052,247.955570317808,-7.20232441903426
1014,3,314.084507042254,304.579874068545,304.301781294149,-9.78272574810433
2210,3,200.220750551876,244.861421137148,245.555194218553,45.3344436666767
2111,3,240.253164556962,211.143017401279,210.621271627896,-29.6318929290659
2077,3,363.285024154589,281.720050825217,280.531905495016,-82.7531186595735
2298,3,216.666666666667,217.250189611329,217.207746541053,0.541079874386128
1146,3,234.102564102564,246.99973287234,247.555564431422,13.4530003288578
1251,3,233.48623853211,247.067396983689,247.323251497137,13.8370129650264
1026,3,222.108843537415,211.116630351264,210.821257851022,-11.287585686393
1096,3,260.170697012802,209.073218057719,207.325735309908,-52.8449617028941
1193,3,273.372781065089,243.137295619058,242.422843345184,-30.9499377199046
1271,3,259.628770301624,262.60073345878,262.640176108964,3.01140580733971
1307,3,235.069444444444,193.555845835355,192.756290803648,-42.3131536407967
1073,3,253.684210526316,226.945147972605,226.50192406442,-27.1822864618963
2015,3,201.398601398601,244.249395844173,244.813542918442,43.4149415198404
2141,3,167.834394904459,183.286696472567,183.655360397331,15.8209654928729
2262,3,163.849765258216,200.97359117499,201.529067258135,37.6793019999189
2255,3,286.764705882353,205.195264817802,202.359432822507,-84.4052730598457
1117,3,186.167146974063,200.283135246447,200.720386732787,14.5532397587232
2265,3,293.129770992366,257.864229195527,257.069269454273,-36.0605015380938
2102,3,213.36032388664,197.391781867161,197.04009705714,-16.3202268294993
1277,3,212.727272727273,231.650859809111,232.029382960427,19.3021102331545
2276,3,218.97233201581,210.556686539271,210.372167929659,-8.60016408615169
2011,3,230.15873015873,248.01278221615,248.256696628455,18.0979664697253
1250,3,292.58064516129,262.383290061068,261.720757760423,-30.859887400867
2183,3,215.725806451613,178.69366933688,176.431330967777,-39.2944754838358
1027,3,228.4046692607,220.451362273771,220.311177220048,-8.09349204065194
2135,3,258.378378378378,227.216487077316,226.839865252537,-31.5385131258413
2020,3,215.085158150852,207.138372944147,206.968513055854,-8.11664509499789
1224,3,308.936170212766,284.171932931401,283.579214368519,-25.3569558442465
2049,3,196.666666666667,238.734129588157,239.821048388097,43.1543817214308
2089,3,287.892376681614,212.485469975986,210.556380437413,-77.3359962442013
1290,3,226.84703433923,209.859891513022,209.025080359983,-17.8219539792466
2257,3,180.165289256198,200.089643777708,200.436605477245,20.2713162210464
2151,3,201.827242524917,238.743463712821,240.373232740671,38.5459902157536
2318,3,197.119341563786,218.225943455092,218.869043433263,21.7497018694767
2031,3,241.873804971319,240.13853338459,240.083532132099,-1.79027283922062
2118,3,305.056179775281,228.731593828655,227.932810560046,-77.1233692152349
1305,3,280.492813141684,224.766170905473,223.449152433546,-57.0436607081382
2152,3,206.989247311828,218.945170524006,219.803296975269,12.8140496634414
2098,3,279.568106312292,278.596310459841,278.583092000018,-0.985014312274359
1089,3,204.204204204204,213.441904306109,213.54696272358,9.34275851937619
1114,3,206.550218340611,262.99813686346,265.383121671084,58.8329033304727
2231,3,252.830188679245,222.396666043722,221.910718067268,-30.9194706119776
2103,3,220.728291316527,254.997916181602,255.336980654509,34.6086893379826
2028,3,169.387755102041,192.361777675369,192.749218743098,23.361463641057
2271,3,265.196078431373,272.137636699592,272.328678822697,7.1326003913241
1106,3,225.903614457831,242.29248454769,242.536643321282,16.6330288634504
1033,3,229.113924050633,196.824964319022,195.224323688665,-33.8896003619675
1182,3,226.969696969697,231.385037858732,231.483451383071,4.51375441337413
1157,3,218.912529550827,214.900236913454,214.880417109886,-4.03211244094115
1187,3,199.118165784832,225.137783959009,225.738116044969,26.6199502601367
1259,3,197.136038186158,215.833690888573,216.19734387774,19.0613056915828
1191,3,236.170212765957,188.386269002497,185.059477847504,-51.1107349184532
1231,3,281.578947368421,266.746551527472,266.382896017412,-15.1960513510092
2091,3,241.624365482234,203.245430379236,201.339376426928,-40.2849890553056
1265,3,218.939393939394,222.015718544238,222.237942198065,3.29854825867065
2035,3,216.814159292035,229.612596359326,229.735041536826,12.9208822447906
2155,3,296.828046744574,249.902913848644,249.420085860471,-47.4079608841035
1266,3,350.308641975309,284.800524863727,283.3099450022,-66.9986969731087
2087,3,285.167464114833,242.447484153958,242.007551366362,-43.159912748471
1256,3,245.322245322245,283.806422158845,284.444304622677,39.1220593004317
1010,3,214.72602739726,204.464590162825,204.177844405208,-10.5481829920524
1020,3,271.144278606965,197.535619926248,194.972975939695,-76.1713026672706
1035,3,204.952076677316,218.885090307676,219.104899568909,14.152822891593
1071,3,311.484593837535,280.976987922138,280.32228430905,-31.1623095284846
1268,3,207.792207792208,237.346920009176,238.238257275121,30.4460494829135
1306,3,268.814432989691,270.794356490041,270.884743949441,2.07031095975009
1192,3,244.214876033058,194.34974619938,192.693472251714,-51.5214037813442
