"","SLA.6.comps"
"(Intercept)",228.478590022589
"Wave_350",14.1779433428321
"Wave_351",13.8962750759126
"Wave_352",18.1579766456495
"Wave_353",15.7510404413123
"Wave_354",13.0541484791916
"Wave_355",12.8538336850305
"Wave_356",15.5356694297429
"Wave_357",17.4315192707262
"Wave_358",18.846946693557
"Wave_359",18.2383955944556
"Wave_360",13.6153699254729
"Wave_361",15.5626519993386
"Wave_362",17.263015444157
"Wave_363",15.1538915103526
"Wave_364",13.6326094831817
"Wave_365",14.6312562366821
"Wave_366",16.279606307185
"Wave_367",16.6566009818033
"Wave_368",17.2846678959373
"Wave_369",16.0242762521181
"Wave_370",14.872331566106
"Wave_371",16.7599975832251
"Wave_372",16.9820832906353
"Wave_373",17.0858159823937
"Wave_374",17.9618201243442
"Wave_375",19.2859468005538
"Wave_376",19.3220201698462
"Wave_377",19.8570871260375
"Wave_378",21.474437768639
"Wave_379",20.4744428766614
"Wave_380",21.9885553038991
"Wave_381",23.99608087019
"Wave_382",23.4581160213144
"Wave_383",24.1038826988619
"Wave_384",25.2580215502859
"Wave_385",26.0666216421472
"Wave_386",25.9320427035142
"Wave_387",27.2258692212356
"Wave_388",28.5915754687012
"Wave_389",29.2634623943222
"Wave_390",30.039691261414
"Wave_391",31.7061354660255
"Wave_392",33.1653830151809
"Wave_393",33.4023120870088
"Wave_394",33.1155424265502
"Wave_395",34.044884640891
"Wave_396",35.9023029999023
"Wave_397",37.2592667553231
"Wave_398",37.2150300879303
"Wave_399",37.7285383702601
"Wave_400",38.9746129003945
"Wave_401",38.9204701115745
"Wave_402",38.6712455182047
"Wave_403",39.1146443272481
"Wave_404",40.3947141899463
"Wave_405",41.1434385884772
"Wave_406",41.0618718238043
"Wave_407",40.6697303008615
"Wave_408",40.6289916998501
"Wave_409",40.1202261027233
"Wave_410",39.9655554116616
"Wave_411",39.8990237327786
"Wave_412",38.6694706296872
"Wave_413",37.3896365242273
"Wave_414",36.3620647452265
"Wave_415",35.4793303973141
"Wave_416",34.090289866307
"Wave_417",32.6020762392097
"Wave_418",31.2028340463816
"Wave_419",29.9338863487993
"Wave_420",28.5582941530241
"Wave_421",26.9378298803294
"Wave_422",25.3732435106239
"Wave_423",24.4161765237924
"Wave_424",22.7271589548288
"Wave_425",21.151825297736
"Wave_426",20.1580450895938
"Wave_427",18.8077834247127
"Wave_428",17.2642186887716
"Wave_429",15.6959926885002
"Wave_430",14.2495522802925
"Wave_431",12.8055391348252
"Wave_432",11.5885625868165
"Wave_433",10.4417260388807
"Wave_434",8.95317105648235
"Wave_435",7.93947068093289
"Wave_436",6.91550711160012
"Wave_437",5.63748147731756
"Wave_438",4.77361032180446
"Wave_439",3.91166368837938
"Wave_440",3.03975817373318
"Wave_441",2.27499864141836
"Wave_442",1.66422011604601
"Wave_443",1.32425709629796
"Wave_444",0.950350085667844
"Wave_445",-0.0348187375290565
"Wave_446",-0.332945173542464
"Wave_447",-0.602989797086598
"Wave_448",-1.29170039898837
"Wave_449",-1.63387174986722
"Wave_450",-1.92714198879999
"Wave_451",-2.14713083711608
"Wave_452",-2.26457455190127
"Wave_453",-2.81720549879497
"Wave_454",-3.19494172472798
"Wave_455",-3.30426988915668
"Wave_456",-3.60845148086949
"Wave_457",-3.96479473654519
"Wave_458",-4.39347901997678
"Wave_459",-4.86001808516695
"Wave_460",-5.11634865508048
"Wave_461",-5.52942430230687
"Wave_462",-6.09977935303153
"Wave_463",-6.62754252464118
"Wave_464",-6.75600683097484
"Wave_465",-6.95315273056791
"Wave_466",-7.36436249662802
"Wave_467",-7.71036260515136
"Wave_468",-7.99679440246558
"Wave_469",-8.25924949113529
"Wave_470",-8.51090856087016
"Wave_471",-8.64141270470172
"Wave_472",-8.94316015802312
"Wave_473",-9.24276533888066
"Wave_474",-9.22863934401186
"Wave_475",-9.41663039731845
"Wave_476",-9.62830787786208
"Wave_477",-9.79287823523251
"Wave_478",-10.063639790052
"Wave_479",-10.2280983181231
"Wave_480",-10.3321665394496
"Wave_481",-10.4394141556857
"Wave_482",-10.410677701421
"Wave_483",-10.568847129141
"Wave_484",-10.8857911907513
"Wave_485",-11.1119826643618
"Wave_486",-11.17781600615
"Wave_487",-11.195157130652
"Wave_488",-11.2846060701471
"Wave_489",-11.5455483421459
"Wave_490",-11.7587867126115
"Wave_491",-11.8175303766078
"Wave_492",-11.7369700471887
"Wave_493",-11.8363048441901
"Wave_494",-12.0089831401698
"Wave_495",-12.0839304456391
"Wave_496",-11.8915272759079
"Wave_497",-11.7966801484744
"Wave_498",-11.7049985455584
"Wave_499",-11.5402863988703
"Wave_500",-11.436663574387
"Wave_501",-11.1749542189692
"Wave_502",-10.8084111966496
"Wave_503",-10.4590060941208
"Wave_504",-10.026671513957
"Wave_505",-9.60360419260159
"Wave_506",-9.08995460439118
"Wave_507",-8.2109557719523
"Wave_508",-7.40244594383077
"Wave_509",-6.68794256477277
"Wave_510",-5.95041416988146
"Wave_511",-4.93272465588109
"Wave_512",-3.88813603918562
"Wave_513",-2.8136937620513
"Wave_514",-1.58380840006091
"Wave_515",-0.257976726696565
"Wave_516",1.21789104688665
"Wave_517",2.81659118488975
"Wave_518",4.39089747837663
"Wave_519",6.0587956394116
"Wave_520",7.78356432716202
"Wave_521",9.50280760408318
"Wave_522",11.198845507793
"Wave_523",12.855745324369
"Wave_524",14.4422205214107
"Wave_525",15.9265250735267
"Wave_526",17.4950621394152
"Wave_527",18.9682345482734
"Wave_528",20.2089698307119
"Wave_529",21.2349647940745
"Wave_530",22.3865639195419
"Wave_531",23.387099382759
"Wave_532",23.8953179081015
"Wave_533",24.4197529103768
"Wave_534",24.8676655076213
"Wave_535",25.1624644251886
"Wave_536",25.2776326011169
"Wave_537",25.3428259738939
"Wave_538",25.2962944628938
"Wave_539",25.09821213471
"Wave_540",24.8794454415375
"Wave_541",24.5720866520971
"Wave_542",24.201979984406
"Wave_543",23.8349208615767
"Wave_544",23.4600259938526
"Wave_545",23.0888719655161
"Wave_546",22.7226807553691
"Wave_547",22.3458724969059
"Wave_548",21.9873534229129
"Wave_549",21.6740685968637
"Wave_550",21.3935511435071
"Wave_551",21.000086303722
"Wave_552",20.5660778437594
"Wave_553",20.1297168868578
"Wave_554",19.6932869397551
"Wave_555",19.2108630107624
"Wave_556",18.6143595726687
"Wave_557",17.8748712354836
"Wave_558",17.036832710489
"Wave_559",16.1688401534564
"Wave_560",15.2111869340132
"Wave_561",14.0874403720266
"Wave_562",12.9386782079266
"Wave_563",11.7236860626963
"Wave_564",10.4651211449365
"Wave_565",9.26437116140163
"Wave_566",8.03394867547041
"Wave_567",6.7092183178708
"Wave_568",5.31155937289876
"Wave_569",4.09099035762344
"Wave_570",2.89237442730555
"Wave_571",1.72243512033991
"Wave_572",0.681752375316536
"Wave_573",-0.247304580483848
"Wave_574",-1.09781711951785
"Wave_575",-1.93727134101559
"Wave_576",-2.88011429142503
"Wave_577",-3.87667444342881
"Wave_578",-4.92766454249325
"Wave_579",-6.00849480543974
"Wave_580",-6.93055189784171
"Wave_581",-7.83811279994809
"Wave_582",-8.74260898937716
"Wave_583",-9.52306921142767
"Wave_584",-10.1103240066837
"Wave_585",-10.5771332024402
"Wave_586",-11.0371724186729
"Wave_587",-11.6292975988871
"Wave_588",-12.37446742671
"Wave_589",-13.1604194000024
"Wave_590",-13.8397618503581
"Wave_591",-14.5238557739962
"Wave_592",-15.1897993034438
"Wave_593",-15.8118360879783
"Wave_594",-16.3773168431366
"Wave_595",-16.7405475231434
"Wave_596",-16.9820973182835
"Wave_597",-17.2152317275784
"Wave_598",-17.4227423285745
"Wave_599",-17.6161744466254
"Wave_600",-17.7901024555456
"Wave_601",-17.9292435780367
"Wave_602",-18.0726193399564
"Wave_603",-18.1920619499956
"Wave_604",-18.2668651034314
"Wave_605",-18.3048204660808
"Wave_606",-18.351327955475
"Wave_607",-18.445622508395
"Wave_608",-18.6001442465058
"Wave_609",-18.734096300872
"Wave_610",-18.8121062263958
"Wave_611",-18.8752197293363
"Wave_612",-19.0326874925538
"Wave_613",-19.1779071045909
"Wave_614",-19.3519180070916
"Wave_615",-19.5900427869049
"Wave_616",-19.8256711471464
"Wave_617",-20.1120363555794
"Wave_618",-20.4323047667617
"Wave_619",-20.7319545779717
"Wave_620",-20.9605294480658
"Wave_621",-21.1725058774342
"Wave_622",-21.3965606689062
"Wave_623",-21.6081323506578
"Wave_624",-21.7821167881453
"Wave_625",-21.9171097802388
"Wave_626",-22.0330566712577
"Wave_627",-22.1922378352996
"Wave_628",-22.3523089128027
"Wave_629",-22.5505187912642
"Wave_630",-22.8732027339001
"Wave_631",-23.1794698918608
"Wave_632",-23.5820736465872
"Wave_633",-24.1562827681649
"Wave_634",-24.8243468425261
"Wave_635",-25.5749905499361
"Wave_636",-26.4170332150647
"Wave_637",-27.3612429650204
"Wave_638",-28.3782413354764
"Wave_639",-29.3824462980518
"Wave_640",-30.3329585838718
"Wave_641",-31.239420427743
"Wave_642",-32.022662642811
"Wave_643",-32.6913282654271
"Wave_644",-33.2677344880975
"Wave_645",-33.7607333052128
"Wave_646",-34.0331400199455
"Wave_647",-34.115167211685
"Wave_648",-34.1273324480201
"Wave_649",-34.1242410018146
"Wave_650",-33.8722175200403
"Wave_651",-33.3418611127578
"Wave_652",-32.8296131279516
"Wave_653",-32.2647407913924
"Wave_654",-31.6428880830311
"Wave_655",-30.980123327283
"Wave_656",-30.3135558591009
"Wave_657",-29.702818916408
"Wave_658",-29.1598439332324
"Wave_659",-28.6578476829338
"Wave_660",-28.177566372365
"Wave_661",-27.7167926709107
"Wave_662",-27.2859255210726
"Wave_663",-26.9077558459915
"Wave_664",-26.6018031283722
"Wave_665",-26.2942376689663
"Wave_666",-25.9149453031022
"Wave_667",-25.5802070635657
"Wave_668",-25.2485356039381
"Wave_669",-24.8903055288459
"Wave_670",-24.4976162048233
"Wave_671",-24.1416312630723
"Wave_672",-23.7527493970683
"Wave_673",-23.2832762594514
"Wave_674",-22.7974057173302
"Wave_675",-22.3098880717938
"Wave_676",-21.8027470421705
"Wave_677",-21.245088461023
"Wave_678",-20.6360652911892
"Wave_679",-20.0436655661106
"Wave_680",-19.495670990869
"Wave_681",-18.9701023409484
"Wave_682",-18.5282885590648
"Wave_683",-18.1855106097322
"Wave_684",-17.9465093938301
"Wave_685",-17.8260213214202
"Wave_686",-17.8404799661721
"Wave_687",-17.8802351016806
"Wave_688",-17.7767586427237
"Wave_689",-17.5211097026496
"Wave_690",-17.0747830082511
"Wave_691",-16.3276437124128
"Wave_692",-15.0661597900392
"Wave_693",-13.3094304024774
"Wave_694",-11.164231561303
"Wave_695",-8.72962898849151
"Wave_696",-5.94330537389637
"Wave_697",-2.94548780681597
"Wave_698",0.132982516767806
"Wave_699",3.15171200940291
"Wave_700",6.00324007093755
"Wave_701",8.58418589114876
"Wave_702",10.7790560575368
"Wave_703",12.5081105019635
"Wave_704",13.8484417302035
"Wave_705",14.8162540816362
"Wave_706",15.4404033399831
"Wave_707",15.8677975356198
"Wave_708",16.1567320938101
"Wave_709",16.2646320405704
"Wave_710",16.1168029061563
"Wave_711",15.9609536203388
"Wave_712",15.8479375325981
"Wave_713",15.7912115399151
"Wave_714",15.7684634349648
"Wave_715",15.8694308700443
"Wave_716",16.0728088715266
"Wave_717",16.3258489986464
"Wave_718",16.5207190682639
"Wave_719",16.9486823648155
"Wave_720",17.5914669068444
"Wave_721",18.2097932371646
"Wave_722",18.8725949224715
"Wave_723",19.6498484412211
"Wave_724",20.5581102576344
"Wave_725",21.5311833882981
"Wave_726",22.5430907985468
"Wave_727",23.5019751283584
"Wave_728",24.3776012310284
"Wave_729",25.4400050790668
"Wave_730",26.4522039094784
"Wave_731",27.3721137415022
"Wave_732",28.3134024388383
"Wave_733",29.2270964575572
"Wave_734",29.9834052314285
"Wave_735",30.5369875572917
"Wave_736",31.0141883920304
"Wave_737",31.5076417291847
"Wave_738",31.9787067218432
"Wave_739",32.3597416603144
"Wave_740",32.6771194346137
"Wave_741",32.8833999295675
"Wave_742",33.1140179998085
"Wave_743",33.5585182382837
"Wave_744",33.7416605319117
"Wave_745",33.5772412640129
"Wave_746",33.2135443522031
"Wave_747",33.065899849121
"Wave_748",32.8742560792801
"Wave_749",32.6348851357005
"Wave_750",32.3901287183673
"Wave_751",32.129648311368
"Wave_752",31.6966366399664
"Wave_753",31.1864820259997
"Wave_754",30.8094742165371
"Wave_755",30.3534489859256
"Wave_756",29.9483505063774
"Wave_757",29.6238564360405
"Wave_758",29.2377219806579
"Wave_759",29.1307014936863
"Wave_760",28.9050491586898
"Wave_761",28.2613799428966
"Wave_762",27.6670357539191
"Wave_763",27.1974727392993
"Wave_764",26.8010552404254
"Wave_765",26.3590246452249
"Wave_766",25.8492942851892
"Wave_767",25.3702029040169
"Wave_768",24.9664163443276
"Wave_769",24.6127434033583
"Wave_770",24.286508362836
"Wave_771",24.0223949583148
"Wave_772",23.7937663493438
"Wave_773",23.4154723213379
"Wave_774",22.9225216417424
"Wave_775",22.4537704937513
"Wave_776",22.1297242215697
"Wave_777",21.771120048194
"Wave_778",21.4370257812402
"Wave_779",21.1264841233547
"Wave_780",20.7959722752914
"Wave_781",20.5331488208073
"Wave_782",20.3812936601819
"Wave_783",20.2785297936975
"Wave_784",20.0187071615475
"Wave_785",19.5809354106831
"Wave_786",19.0840503368059
"Wave_787",18.6693070384274
"Wave_788",18.382799624072
"Wave_789",18.2020559456953
"Wave_790",18.131358157259
"Wave_791",18.1405739764663
"Wave_792",17.918111628377
"Wave_793",17.6119644213256
"Wave_794",17.3237024538398
"Wave_795",17.0591208411661
"Wave_796",16.8433223963938
"Wave_797",16.7045659902589
"Wave_798",16.611840694025
"Wave_799",16.4165677946594
"Wave_800",16.2023368621992
"Wave_801",15.9970722288122
"Wave_802",15.8313480926991
"Wave_803",15.8407427312382
"Wave_804",15.6425939053818
"Wave_805",15.3249224009696
"Wave_806",15.2295275109989
"Wave_807",15.0320389361181
"Wave_808",14.7100397852961
"Wave_809",14.3229548367761
"Wave_810",13.9876750475295
"Wave_811",13.7816486923686
"Wave_812",13.5664957425778
"Wave_813",13.2464041523125
"Wave_814",12.9203003306743
"Wave_815",12.7629518650151
"Wave_816",12.6950457962026
"Wave_817",12.5597903341376
"Wave_818",12.338717625002
"Wave_819",12.0382057737686
"Wave_820",11.7751513479561
"Wave_821",11.670575174669
"Wave_822",11.3096591608006
"Wave_823",10.9115593980405
"Wave_824",10.6420271447474
"Wave_825",10.5040307499288
"Wave_826",10.2502936036624
"Wave_827",9.84151177740601
"Wave_828",9.40621095977614
"Wave_829",9.32877889149914
"Wave_830",9.01413326246775
"Wave_831",8.58983205654026
"Wave_832",8.32837539217796
"Wave_833",8.11919935205994
"Wave_834",7.78883273222728
"Wave_835",7.42250210374292
"Wave_836",7.19260453547454
"Wave_837",6.80795746536798
"Wave_838",6.47662979193725
"Wave_839",6.24777136363763
"Wave_840",5.99406299620028
"Wave_841",5.84180907335946
"Wave_842",5.63086401243719
"Wave_843",5.29005849040361
"Wave_844",4.95163388732761
"Wave_845",4.90423810466949
"Wave_846",4.80281692939989
"Wave_847",4.4119468349236
"Wave_848",4.2343283068869
"Wave_849",4.02731345421356
"Wave_850",3.77402336730244
"Wave_851",3.53138463494584
"Wave_852",3.30127312128172
"Wave_853",3.21192481219136
"Wave_854",3.18853926251351
"Wave_855",3.03459485508548
"Wave_856",2.66417046297752
"Wave_857",2.38613289679415
"Wave_858",2.27714431550649
"Wave_859",2.14497851026884
"Wave_860",1.93338596268957
"Wave_861",1.77193201985867
"Wave_862",1.61673820229056
"Wave_863",1.13077337005408
"Wave_864",0.80041017058821
"Wave_865",0.523759361360911
"Wave_866",0.188410178833773
"Wave_867",0.00913811216961058
"Wave_868",-0.178555657040584
"Wave_869",-0.345523659971879
"Wave_870",-0.474898733773282
"Wave_871",-0.836773186329051
"Wave_872",-1.1073646551194
"Wave_873",-1.36682643766544
"Wave_874",-1.78963681290493
"Wave_875",-1.90077230441507
"Wave_876",-1.85459095575712
"Wave_877",-1.9315536695943
"Wave_878",-2.38399045848958
"Wave_879",-2.77003763811596
"Wave_880",-3.12261135964779
"Wave_881",-3.42402038177754
"Wave_882",-3.56832462329577
"Wave_883",-3.72270172903972
"Wave_884",-3.75770818906939
"Wave_885",-3.67993175189207
"Wave_886",-3.75774681498994
"Wave_887",-4.05921694223227
"Wave_888",-4.4384554396479
"Wave_889",-4.677299635474
"Wave_890",-4.52510552581145
"Wave_891",-4.60877080784804
"Wave_892",-4.82627408013124
"Wave_893",-4.92037134361305
"Wave_894",-4.84386959894493
"Wave_895",-5.08312857754308
"Wave_896",-5.46048653674506
"Wave_897",-5.60784863295492
"Wave_898",-5.52508163483061
"Wave_899",-5.57564849783002
"Wave_900",-5.82312479857762
"Wave_901",-6.13013892032215
"Wave_902",-6.30483006187199
"Wave_903",-6.53215805943035
"Wave_904",-6.70450915881044
"Wave_905",-6.59533305187033
"Wave_906",-6.62475033556162
"Wave_907",-6.73941283729981
"Wave_908",-7.01416308068493
"Wave_909",-7.57212047702629
"Wave_910",-7.72290365489322
"Wave_911",-7.64122548319715
"Wave_912",-7.63119808962882
"Wave_913",-7.94201382350919
"Wave_914",-8.06148942980322
"Wave_915",-8.26920148456054
"Wave_916",-8.71127089316875
"Wave_917",-9.17584228063441
"Wave_918",-9.29456996853486
"Wave_919",-9.46121623304692
"Wave_920",-9.84495421189976
"Wave_921",-10.0164272995739
"Wave_922",-10.0763961076386
"Wave_923",-10.2028293000718
"Wave_924",-10.5222852756714
"Wave_925",-11.0157266594493
"Wave_926",-11.4176231748431
"Wave_927",-11.6319297131188
"Wave_928",-11.7075517363853
"Wave_929",-11.887024592443
"Wave_930",-11.8013650411913
"Wave_931",-11.6045742157915
"Wave_932",-11.5639252192084
"Wave_933",-11.806704275747
"Wave_934",-12.1327252215148
"Wave_935",-12.4030219208713
"Wave_936",-12.606001403967
"Wave_937",-13.0208470750925
"Wave_938",-13.5134852093796
"Wave_939",-13.8866405013076
"Wave_940",-14.0475172764112
"Wave_941",-14.3036537840275
"Wave_942",-14.5357092726812
"Wave_943",-14.8703189393661
"Wave_944",-15.3565368198285
"Wave_945",-15.4798720605236
"Wave_946",-15.4534610162059
"Wave_947",-15.5436435124492
"Wave_948",-15.9040086720693
"Wave_949",-16.2192520513682
"Wave_950",-16.565203863118
"Wave_951",-16.9751344597692
"Wave_952",-17.3932915551196
"Wave_953",-17.5057063462324
"Wave_954",-17.6052269916105
"Wave_955",-17.7856022603972
"Wave_956",-18.0091973220558
"Wave_957",-18.155170379417
"Wave_958",-18.2748159549857
"Wave_959",-18.4056374983656
"Wave_960",-18.5592871467108
"Wave_961",-18.6852983491255
"Wave_962",-18.754012441826
"Wave_963",-18.8302395230657
"Wave_964",-18.978445826698
"Wave_965",-19.0956132878866
"Wave_966",-19.2535617869975
"Wave_967",-19.3330106088774
"Wave_968",-19.2802112813868
"Wave_969",-19.5608208901657
"Wave_970",-19.8499392972458
"Wave_971",-20.0230675996374
"Wave_972",-20.1010464156001
"Wave_973",-20.2735646079433
"Wave_974",-20.3603568341219
"Wave_975",-20.4718341205028
"Wave_976",-20.7039946295445
"Wave_977",-20.7582972608511
"Wave_978",-20.8511640750729
"Wave_979",-20.9631164492148
"Wave_980",-21.0836546904011
"Wave_981",-21.4630745102944
"Wave_982",-21.5988181539783
"Wave_983",-21.5845451803164
"Wave_984",-21.7687082105792
"Wave_985",-22.5975424078124
"Wave_986",-22.8415246574499
"Wave_987",-22.9397903723186
"Wave_988",-23.3856174988889
"Wave_989",-23.7636786131425
"Wave_990",-24.0961390835882
"Wave_991",-24.2092745822935
"Wave_992",-24.2262166529061
"Wave_993",-24.7519737679656
"Wave_994",-24.9682930716178
"Wave_995",-25.1028422311402
"Wave_996",-25.3645053411077
"Wave_997",-25.6217206431353
"Wave_998",-25.9351928851563
"Wave_999",-26.2243872615465
"Wave_1000",-26.4516801514401
"Wave_1001",-19.8256923042948
"Wave_1002",-19.7212254801908
"Wave_1003",-19.5346226066124
"Wave_1004",-19.2346528849604
"Wave_1005",-18.9414959922121
"Wave_1006",-18.69886117614
"Wave_1007",-18.3769715770839
"Wave_1008",-18.1251864688905
"Wave_1009",-17.9453512845086
"Wave_1010",-17.7711269090606
"Wave_1011",-17.5443590227907
"Wave_1012",-17.3018598435121
"Wave_1013",-17.0596623485106
"Wave_1014",-16.8029672206821
"Wave_1015",-16.458119718445
"Wave_1016",-16.2178597602009
"Wave_1017",-16.0070133785638
"Wave_1018",-15.8416270397666
"Wave_1019",-15.7293831856201
"Wave_1020",-15.5989299774237
"Wave_1021",-15.4985278085738
"Wave_1022",-15.4023832761438
"Wave_1023",-15.3083039571945
"Wave_1024",-15.3169536070835
"Wave_1025",-15.3512759429381
"Wave_1026",-15.4103490092857
"Wave_1027",-15.5284412224756
"Wave_1028",-15.7045058510927
"Wave_1029",-15.8903970956813
"Wave_1030",-16.0981220043156
"Wave_1031",-16.3997874713747
"Wave_1032",-16.6515248114838
"Wave_1033",-16.9606600640839
"Wave_1034",-17.3799378581924
"Wave_1035",-17.8158266432197
"Wave_1036",-18.3027573950594
"Wave_1037",-18.8546115263806
"Wave_1038",-19.3754063134624
"Wave_1039",-19.894892109166
"Wave_1040",-20.398258769652
"Wave_1041",-20.8799390529998
"Wave_1042",-21.3850379168841
"Wave_1043",-21.8846319529744
"Wave_1044",-22.4370627963097
"Wave_1045",-22.9391798190831
"Wave_1046",-23.4391710504794
"Wave_1047",-23.9117918343994
"Wave_1048",-24.2909982997394
"Wave_1049",-24.6980246159323
"Wave_1050",-25.1327879253188
"Wave_1051",-25.5325141035635
"Wave_1052",-25.8681960948211
"Wave_1053",-26.1320506559238
"Wave_1054",-26.3217260509449
"Wave_1055",-26.4893834573553
"Wave_1056",-26.5969307968292
"Wave_1057",-26.6605461278437
"Wave_1058",-26.7504170918327
"Wave_1059",-26.7987057681107
"Wave_1060",-26.7400607274589
"Wave_1061",-26.6615813922106
"Wave_1062",-26.5025315485845
"Wave_1063",-26.2769769111648
"Wave_1064",-26.0739557134625
"Wave_1065",-25.7205751274981
"Wave_1066",-25.3055909866497
"Wave_1067",-24.7768308623155
"Wave_1068",-24.3065826191018
"Wave_1069",-23.7566479183488
"Wave_1070",-23.2964479409842
"Wave_1071",-22.9150487823275
"Wave_1072",-22.4977129797834
"Wave_1073",-21.99452190893
"Wave_1074",-21.5035326623956
"Wave_1075",-20.9961025097885
"Wave_1076",-20.4403157753987
"Wave_1077",-19.929726348515
"Wave_1078",-19.4141166838372
"Wave_1079",-18.9029538197961
"Wave_1080",-18.3660502409898
"Wave_1081",-17.8003318497938
"Wave_1082",-17.2138462787415
"Wave_1083",-16.6355577803287
"Wave_1084",-15.9816824543924
"Wave_1085",-15.2950393075491
"Wave_1086",-14.6572666029615
"Wave_1087",-13.9555407871161
"Wave_1088",-13.2110632023788
"Wave_1089",-12.5255573584097
"Wave_1090",-11.8106402420046
"Wave_1091",-11.1178610163909
"Wave_1092",-10.5176989112722
"Wave_1093",-9.94571506889363
"Wave_1094",-9.40454555948217
"Wave_1095",-8.85488976761806
"Wave_1096",-8.31705460109562
"Wave_1097",-7.75911637355961
"Wave_1098",-7.21813962647708
"Wave_1099",-6.69939364352032
"Wave_1100",-6.22359971803131
"Wave_1101",-5.78684087309651
"Wave_1102",-5.34763674127554
"Wave_1103",-4.90546171990777
"Wave_1104",-4.42902475914669
"Wave_1105",-3.93846387650678
"Wave_1106",-3.48524164853197
"Wave_1107",-3.07808617041949
"Wave_1108",-2.7268512114996
"Wave_1109",-2.42980891428892
"Wave_1110",-2.1711281051344
"Wave_1111",-1.97623500953714
"Wave_1112",-1.7803763698438
"Wave_1113",-1.56811889184314
"Wave_1114",-1.36595628796831
"Wave_1115",-1.12972154827244
"Wave_1116",-0.919814768862473
"Wave_1117",-0.730668673436186
"Wave_1118",-0.583067331879254
"Wave_1119",-0.489869284745369
"Wave_1120",-0.379277837078339
"Wave_1121",-0.317322668194837
"Wave_1122",-0.281044670137237
"Wave_1123",-0.222652867843776
"Wave_1124",-0.154147912121111
"Wave_1125",-0.106345025749045
"Wave_1126",-0.0512443946704044
"Wave_1127",-0.0159162527441659
"Wave_1128",-0.0126707522043468
"Wave_1129",-0.0146497739365623
"Wave_1130",-0.0261113575279506
"Wave_1131",-0.0341689748487131
"Wave_1132",-0.0870627716502783
"Wave_1133",-0.169845354319859
"Wave_1134",-0.266427191501892
"Wave_1135",-0.399460495203038
"Wave_1136",-0.479479654036391
"Wave_1137",-0.546881310147113
"Wave_1138",-0.647755654601633
"Wave_1139",-0.757744529893557
"Wave_1140",-0.867150192437384
"Wave_1141",-1.00694070453509
"Wave_1142",-1.13779625728037
"Wave_1143",-1.20800368190567
"Wave_1144",-1.27288967478169
"Wave_1145",-1.30489366662845
"Wave_1146",-1.29554225406803
"Wave_1147",-1.31267918557498
"Wave_1148",-1.31211199391603
"Wave_1149",-1.31329747180699
"Wave_1150",-1.35416800162472
"Wave_1151",-1.37175474605952
"Wave_1152",-1.36663743351491
"Wave_1153",-1.4079405389995
"Wave_1154",-1.46343547135273
"Wave_1155",-1.51402081490939
"Wave_1156",-1.60326289980278
"Wave_1157",-1.67243316823195
"Wave_1158",-1.71735566718099
"Wave_1159",-1.7792030266443
"Wave_1160",-1.85822159981111
"Wave_1161",-1.93654015708429
"Wave_1162",-2.01772801232816
"Wave_1163",-2.11386551172233
"Wave_1164",-2.23793281773925
"Wave_1165",-2.37251788629588
"Wave_1166",-2.50447440057045
"Wave_1167",-2.66504583239238
"Wave_1168",-2.79223737855935
"Wave_1169",-2.89741088753065
"Wave_1170",-3.0065536035008
"Wave_1171",-3.13244379588155
"Wave_1172",-3.21937838482161
"Wave_1173",-3.2797875408489
"Wave_1174",-3.33856653455552
"Wave_1175",-3.39870153898751
"Wave_1176",-3.42986542290857
"Wave_1177",-3.50038550163283
"Wave_1178",-3.61442341120338
"Wave_1179",-3.74869124616897
"Wave_1180",-3.87930450672888
"Wave_1181",-4.00412601358561
"Wave_1182",-4.14231590746705
"Wave_1183",-4.27406425757514
"Wave_1184",-4.40177471330497
"Wave_1185",-4.51855992106727
"Wave_1186",-4.65018581726274
"Wave_1187",-4.74413509131169
"Wave_1188",-4.79101784131445
"Wave_1189",-4.86233004987256
"Wave_1190",-4.92716834024248
"Wave_1191",-4.98627126857193
"Wave_1192",-5.08806235616423
"Wave_1193",-5.22413045260158
"Wave_1194",-5.34749399457786
"Wave_1195",-5.45820419602737
"Wave_1196",-5.54358485218983
"Wave_1197",-5.6066907917696
"Wave_1198",-5.67981615595587
"Wave_1199",-5.76861291262536
"Wave_1200",-5.80960203265441
"Wave_1201",-5.83792776112218
"Wave_1202",-5.84405686507168
"Wave_1203",-5.81313364685112
"Wave_1204",-5.77066709504497
"Wave_1205",-5.71225355263265
"Wave_1206",-5.64361223812118
"Wave_1207",-5.55033423995931
"Wave_1208",-5.45230196354371
"Wave_1209",-5.34773217896865
"Wave_1210",-5.24287484335444
"Wave_1211",-5.13141097575115
"Wave_1212",-5.02621801552244
"Wave_1213",-4.93974672319957
"Wave_1214",-4.87623534887186
"Wave_1215",-4.79870472961175
"Wave_1216",-4.7315661173222
"Wave_1217",-4.64579682955525
"Wave_1218",-4.5368525216438
"Wave_1219",-4.45792732808294
"Wave_1220",-4.39784172973126
"Wave_1221",-4.31564490838588
"Wave_1222",-4.25766735225958
"Wave_1223",-4.15616794033102
"Wave_1224",-3.99686856428068
"Wave_1225",-3.86106320162211
"Wave_1226",-3.78523401055624
"Wave_1227",-3.70397126459716
"Wave_1228",-3.62105901493185
"Wave_1229",-3.55812484846473
"Wave_1230",-3.44613497775317
"Wave_1231",-3.26935528617903
"Wave_1232",-3.13230200608163
"Wave_1233",-3.0083338133357
"Wave_1234",-2.86338355878644
"Wave_1235",-2.71110593042894
"Wave_1236",-2.55913916595389
"Wave_1237",-2.40148170675295
"Wave_1238",-2.23448908576304
"Wave_1239",-2.05541364919412
"Wave_1240",-1.8844735425725
"Wave_1241",-1.70498655430071
"Wave_1242",-1.53367799158908
"Wave_1243",-1.37753571403073
"Wave_1244",-1.21457937954986
"Wave_1245",-1.05427795040506
"Wave_1246",-0.886677275338626
"Wave_1247",-0.696244109648686
"Wave_1248",-0.495312210196619
"Wave_1249",-0.286293922786009
"Wave_1250",-0.0413939819184694
"Wave_1251",0.170683889894224
"Wave_1252",0.374143215428288
"Wave_1253",0.576937545586379
"Wave_1254",0.77680885192846
"Wave_1255",0.957794026978597
"Wave_1256",1.16245653030515
"Wave_1257",1.30243211309944
"Wave_1258",1.40309069757793
"Wave_1259",1.47948675936716
"Wave_1260",1.52104151495702
"Wave_1261",1.52747220150296
"Wave_1262",1.51662165208783
"Wave_1263",1.48330680933347
"Wave_1264",1.39696010888599
"Wave_1265",1.26944721395719
"Wave_1266",1.08258661907822
"Wave_1267",0.849765912570382
"Wave_1268",0.55209558729445
"Wave_1269",0.177463005062269
"Wave_1270",-0.20701570921438
"Wave_1271",-0.668357894061697
"Wave_1272",-1.09613691512181
"Wave_1273",-1.53451013288136
"Wave_1274",-1.97340926554037
"Wave_1275",-2.43407333264603
"Wave_1276",-2.85970529114605
"Wave_1277",-3.29269822481819
"Wave_1278",-3.68850091505342
"Wave_1279",-4.06301930905803
"Wave_1280",-4.39489605956368
"Wave_1281",-4.70283237512583
"Wave_1282",-4.97248873566083
"Wave_1283",-5.18769074329282
"Wave_1284",-5.3461454880215
"Wave_1285",-5.48841978877751
"Wave_1286",-5.62091041806696
"Wave_1287",-5.6410124380381
"Wave_1288",-5.60866658343221
"Wave_1289",-5.51160598209746
"Wave_1290",-5.30763515453359
"Wave_1291",-5.08418296266545
"Wave_1292",-4.83654179839047
"Wave_1293",-4.51447767667597
"Wave_1294",-4.14192449470047
"Wave_1295",-3.69328623103478
"Wave_1296",-3.16111100514067
"Wave_1297",-2.59717374365493
"Wave_1298",-1.93857585936341
"Wave_1299",-1.28633014636572
"Wave_1300",-0.613395194341704
"Wave_1301",0.074725796415648
"Wave_1302",0.79705691359926
"Wave_1303",1.55276608019531
"Wave_1304",2.28949914199615
"Wave_1305",3.04525591379211
"Wave_1306",3.80037564309583
"Wave_1307",4.54803929512269
"Wave_1308",5.29671926521686
"Wave_1309",6.0699841317481
"Wave_1310",6.81435999665457
"Wave_1311",7.53045066614017
"Wave_1312",8.25812362646611
"Wave_1313",9.00131295724801
"Wave_1314",9.70818268012393
"Wave_1315",10.4345816468097
"Wave_1316",11.0848184210325
"Wave_1317",11.6738466671394
"Wave_1318",12.2501330499932
"Wave_1319",12.7941491482248
"Wave_1320",13.2961402855818
"Wave_1321",13.7739278797368
"Wave_1322",14.2160838942397
"Wave_1323",14.6247746703025
"Wave_1324",14.9861284381109
"Wave_1325",15.321125130669
"Wave_1326",15.6352144479924
"Wave_1327",15.9066175321424
"Wave_1328",16.144496755669
"Wave_1329",16.3314932246078
"Wave_1330",16.4674520023978
"Wave_1331",16.5960844847267
"Wave_1332",16.6748590007641
"Wave_1333",16.753327001837
"Wave_1334",16.8372771726093
"Wave_1335",16.881501332936
"Wave_1336",16.8907887641703
"Wave_1337",16.8898250491039
"Wave_1338",16.8746326148739
"Wave_1339",16.8300967786613
"Wave_1340",16.7712249675388
"Wave_1341",16.6818721648425
"Wave_1342",16.5546950090305
"Wave_1343",16.4073499772987
"Wave_1344",16.2634926408275
"Wave_1345",16.0914237621151
"Wave_1346",15.9511990989962
"Wave_1347",15.8369360079144
"Wave_1348",15.6732660983898
"Wave_1349",15.5140682741496
"Wave_1350",15.3096985113745
"Wave_1351",15.0590562098065
"Wave_1352",14.8047056278516
"Wave_1353",14.543261404021
"Wave_1354",14.2430965170124
"Wave_1355",13.9325672177958
"Wave_1356",13.5668169071336
"Wave_1357",13.1546839558913
"Wave_1358",12.7204298803939
"Wave_1359",12.2421301670934
"Wave_1360",11.7470446847571
"Wave_1361",11.2247866432464
"Wave_1362",10.6907894038245
"Wave_1363",10.1626390677647
"Wave_1364",9.57681254220894
"Wave_1365",8.9567959515228
"Wave_1366",8.32680306725084
"Wave_1367",7.61672468774798
"Wave_1368",6.84255058237612
"Wave_1369",6.04773767155469
"Wave_1370",5.22079911314747
"Wave_1371",4.33251540216595
"Wave_1372",3.41327791273608
"Wave_1373",2.41984241374073
"Wave_1374",1.3359653933791
"Wave_1375",0.257896688667269
"Wave_1376",-0.856821848110081
"Wave_1377",-2.01224413579484
"Wave_1378",-3.20893718473607
"Wave_1379",-4.41279083115123
"Wave_1380",-5.64852953418803
"Wave_1381",-6.91541943667277
"Wave_1382",-8.24058503545307
"Wave_1383",-9.50658594049898
"Wave_1384",-10.8144274657678
"Wave_1385",-12.0506080815938
"Wave_1386",-13.2250581563772
"Wave_1387",-14.3578255689278
"Wave_1388",-15.4799596611353
"Wave_1389",-16.5201067563739
"Wave_1390",-17.4962569585726
"Wave_1391",-18.4294502976652
"Wave_1392",-19.2403256396807
"Wave_1393",-19.9706935020806
"Wave_1394",-20.6228673539908
"Wave_1395",-21.190348798822
"Wave_1396",-21.6668086681499
"Wave_1397",-22.0837719543249
"Wave_1398",-22.3790850302506
"Wave_1399",-22.5586336444189
"Wave_1400",-22.6698450986329
"Wave_1401",-22.6686514270085
"Wave_1402",-22.6356510695479
"Wave_1403",-22.5119479469288
"Wave_1404",-22.375006573088
"Wave_1405",-22.1753384599758
"Wave_1406",-21.9797966215162
"Wave_1407",-21.7546604740465
"Wave_1408",-21.523720287582
"Wave_1409",-21.2680844139417
"Wave_1410",-21.0289722262997
"Wave_1411",-20.7774068412856
"Wave_1412",-20.5407784089284
"Wave_1413",-20.3024249143223
"Wave_1414",-20.0968449197943
"Wave_1415",-19.9110172276244
"Wave_1416",-19.7333339937399
"Wave_1417",-19.5918371330484
"Wave_1418",-19.4863281366081
"Wave_1419",-19.3881169953549
"Wave_1420",-19.2983925618398
"Wave_1421",-19.2524467909169
"Wave_1422",-19.2280864680858
"Wave_1423",-19.2422414417023
"Wave_1424",-19.3054863003304
"Wave_1425",-19.3664692784997
"Wave_1426",-19.450331805422
"Wave_1427",-19.5462655161136
"Wave_1428",-19.6610937564035
"Wave_1429",-19.7749652994236
"Wave_1430",-19.8964429460854
"Wave_1431",-20.0348198221275
"Wave_1432",-20.1823944517955
"Wave_1433",-20.3347777429114
"Wave_1434",-20.5085108639455
"Wave_1435",-20.6793006936304
"Wave_1436",-20.8512912922787
"Wave_1437",-21.0222057762216
"Wave_1438",-21.1922838038436
"Wave_1439",-21.3720115707499
"Wave_1440",-21.5586474773508
"Wave_1441",-21.7402619577974
"Wave_1442",-21.9277909701448
"Wave_1443",-22.1189039002936
"Wave_1444",-22.2967988752552
"Wave_1445",-22.4688436975044
"Wave_1446",-22.6253383559991
"Wave_1447",-22.7760904825477
"Wave_1448",-22.9128333920791
"Wave_1449",-23.0335967987237
"Wave_1450",-23.1467522285256
"Wave_1451",-23.253029327485
"Wave_1452",-23.3459619269229
"Wave_1453",-23.4265680134617
"Wave_1454",-23.4955310266617
"Wave_1455",-23.5557806916852
"Wave_1456",-23.6005568038701
"Wave_1457",-23.6371267227422
"Wave_1458",-23.649176590887
"Wave_1459",-23.6351551466615
"Wave_1460",-23.6227868142698
"Wave_1461",-23.5841603713501
"Wave_1462",-23.5597736761008
"Wave_1463",-23.5488622415027
"Wave_1464",-23.5210151691798
"Wave_1465",-23.4868338546638
"Wave_1466",-23.4496865853215
"Wave_1467",-23.3990534338863
"Wave_1468",-23.3516665945389
"Wave_1469",-23.3028125917906
"Wave_1470",-23.2566707806626
"Wave_1471",-23.2098696310642
"Wave_1472",-23.164387780056
"Wave_1473",-23.1213934340903
"Wave_1474",-23.0842425673799
"Wave_1475",-23.0303095950222
"Wave_1476",-22.9700611431847
"Wave_1477",-22.9079172385555
"Wave_1478",-22.8379294555946
"Wave_1479",-22.7619859364553
"Wave_1480",-22.6858547998413
"Wave_1481",-22.5985344617291
"Wave_1482",-22.4967846662876
"Wave_1483",-22.399259251331
"Wave_1484",-22.3082429360793
"Wave_1485",-22.1910615131105
"Wave_1486",-22.055479348269
"Wave_1487",-21.9283358549055
"Wave_1488",-21.7925607276872
"Wave_1489",-21.6487184648997
"Wave_1490",-21.5156129933493
"Wave_1491",-21.3571016771506
"Wave_1492",-21.1683012948268
"Wave_1493",-20.9891934799937
"Wave_1494",-20.8017609609435
"Wave_1495",-20.6185069212345
"Wave_1496",-20.4369500844581
"Wave_1497",-20.2528873974339
"Wave_1498",-20.0799696301172
"Wave_1499",-19.8844737284583
"Wave_1500",-19.6805504704252
"Wave_1501",-19.4649645974985
"Wave_1502",-19.2204204041445
"Wave_1503",-18.9880281134267
"Wave_1504",-18.765133066895
"Wave_1505",-18.5243212096549
"Wave_1506",-18.2864612455822
"Wave_1507",-18.0302569718319
"Wave_1508",-17.7545128882945
"Wave_1509",-17.4677031720384
"Wave_1510",-17.1686033183683
"Wave_1511",-16.8529704212397
"Wave_1512",-16.5436189577452
"Wave_1513",-16.2309984223006
"Wave_1514",-15.8958612035741
"Wave_1515",-15.556538975485
"Wave_1516",-15.2018813673967
"Wave_1517",-14.822886981408
"Wave_1518",-14.4407606578414
"Wave_1519",-14.0482250240778
"Wave_1520",-13.6623745419827
"Wave_1521",-13.2711599913613
"Wave_1522",-12.8683165478141
"Wave_1523",-12.4677642987145
"Wave_1524",-12.058944770356
"Wave_1525",-11.6321826991105
"Wave_1526",-11.2063797392074
"Wave_1527",-10.7847007934575
"Wave_1528",-10.3541589682028
"Wave_1529",-9.91521899546582
"Wave_1530",-9.46742535523432
"Wave_1531",-9.01589138328742
"Wave_1532",-8.55772910729808
"Wave_1533",-8.09170552301494
"Wave_1534",-7.61267601712359
"Wave_1535",-7.12542803552149
"Wave_1536",-6.6323547540894
"Wave_1537",-6.12209007640435
"Wave_1538",-5.61246103899261
"Wave_1539",-5.09325871306657
"Wave_1540",-4.58496902482434
"Wave_1541",-4.07526587436366
"Wave_1542",-3.56969103641103
"Wave_1543",-3.06680558725187
"Wave_1544",-2.57770652979315
"Wave_1545",-2.10364929718012
"Wave_1546",-1.62086970156786
"Wave_1547",-1.14569534679647
"Wave_1548",-0.671014970592268
"Wave_1549",-0.189928107762874
"Wave_1550",0.29191943199657
"Wave_1551",0.774691314994253
"Wave_1552",1.24779603734039
"Wave_1553",1.72212168221207
"Wave_1554",2.19382114711868
"Wave_1555",2.64892510244353
"Wave_1556",3.08886485871618
"Wave_1557",3.52503832859763
"Wave_1558",3.95105334561619
"Wave_1559",4.38056336333441
"Wave_1560",4.80292239297787
"Wave_1561",5.22807143112665
"Wave_1562",5.65831202392973
"Wave_1563",6.07714886535871
"Wave_1564",6.49208356217591
"Wave_1565",6.89944487569779
"Wave_1566",7.30142238346735
"Wave_1567",7.6946198697971
"Wave_1568",8.08659524720315
"Wave_1569",8.45420871336802
"Wave_1570",8.81007132626143
"Wave_1571",9.14761452511089
"Wave_1572",9.46812181574181
"Wave_1573",9.76746364688835
"Wave_1574",10.0471770397378
"Wave_1575",10.3145342121325
"Wave_1576",10.5667396966122
"Wave_1577",10.7926461223159
"Wave_1578",10.9983236782572
"Wave_1579",11.1925876623339
"Wave_1580",11.3545319208353
"Wave_1581",11.5206693390782
"Wave_1582",11.680406110692
"Wave_1583",11.8365363328171
"Wave_1584",11.9939899410693
"Wave_1585",12.1281799222291
"Wave_1586",12.2531800967775
"Wave_1587",12.3638034281115
"Wave_1588",12.4542075571991
"Wave_1589",12.5330256028803
"Wave_1590",12.6066056129304
"Wave_1591",12.6576398742601
"Wave_1592",12.6733333141458
"Wave_1593",12.7023952127288
"Wave_1594",12.7265927146691
"Wave_1595",12.7440854698367
"Wave_1596",12.7709950444724
"Wave_1597",12.7777340452223
"Wave_1598",12.7565363597179
"Wave_1599",12.7469705710017
"Wave_1600",12.7402593595594
"Wave_1601",12.7212053664429
"Wave_1602",12.7237376964234
"Wave_1603",12.6802019246297
"Wave_1604",12.5918521007537
"Wave_1605",12.511350974764
"Wave_1606",12.4019168147419
"Wave_1607",12.3003521874536
"Wave_1608",12.2155498932653
"Wave_1609",12.1102433481624
"Wave_1610",11.9808995994018
"Wave_1611",11.8625725180406
"Wave_1612",11.7411899308048
"Wave_1613",11.6197000824241
"Wave_1614",11.4967548417652
"Wave_1615",11.3894860777579
"Wave_1616",11.2765261054941
"Wave_1617",11.1585746993505
"Wave_1618",11.0361181680757
"Wave_1619",10.9073869352384
"Wave_1620",10.7981622306872
"Wave_1621",10.6994510587448
"Wave_1622",10.6152339789174
"Wave_1623",10.5393197481669
"Wave_1624",10.4386573687275
"Wave_1625",10.3241836225461
"Wave_1626",10.2061694415492
"Wave_1627",10.0824765701306
"Wave_1628",9.94861775890057
"Wave_1629",9.82718423354303
"Wave_1630",9.718203104562
"Wave_1631",9.61967733287196
"Wave_1632",9.51642458378138
"Wave_1633",9.42164966985662
"Wave_1634",9.3261604077628
"Wave_1635",9.23180453427277
"Wave_1636",9.12900185545907
"Wave_1637",9.04056939874438
"Wave_1638",8.91319367459571
"Wave_1639",8.75512880138325
"Wave_1640",8.61214929918189
"Wave_1641",8.44719824812723
"Wave_1642",8.31313411254349
"Wave_1643",8.20416364351546
"Wave_1644",8.07036985045778
"Wave_1645",7.93230761713308
"Wave_1646",7.80599260719867
"Wave_1647",7.64949089327892
"Wave_1648",7.56761184604878
"Wave_1649",7.52736194820816
"Wave_1650",7.49488852026084
"Wave_1651",7.50879035627369
"Wave_1652",7.50953373468964
"Wave_1653",7.51768011646509
"Wave_1654",7.52183291163041
"Wave_1655",7.53928120261858
"Wave_1656",7.54036903452929
"Wave_1657",7.53711166988321
"Wave_1658",7.51672739406595
"Wave_1659",7.46393223049123
"Wave_1660",7.46145561767215
"Wave_1661",7.47459918575216
"Wave_1662",7.47618833980059
"Wave_1663",7.50640358820976
"Wave_1664",7.51934303350307
"Wave_1665",7.49451562583471
"Wave_1666",7.51537699806751
"Wave_1667",7.55215669073249
"Wave_1668",7.62339746889266
"Wave_1669",7.72375599246113
"Wave_1670",7.82563147321037
"Wave_1671",7.96202495587319
"Wave_1672",8.08841286046043
"Wave_1673",8.2017118180575
"Wave_1674",8.34827104694521
"Wave_1675",8.5080262302442
"Wave_1676",8.6948246498622
"Wave_1677",8.90924852281365
"Wave_1678",9.13261316951342
"Wave_1679",9.38143860881459
"Wave_1680",9.62300193426012
"Wave_1681",9.85596377277509
"Wave_1682",10.1404357239151
"Wave_1683",10.4564929651911
"Wave_1684",10.768263406211
"Wave_1685",11.135023115156
"Wave_1686",11.4321124268729
"Wave_1687",11.6919980446863
"Wave_1688",11.9593263350589
"Wave_1689",12.2074924181954
"Wave_1690",12.4524942009969
"Wave_1691",12.7105943653183
"Wave_1692",12.9173346962715
"Wave_1693",13.0981837463043
"Wave_1694",13.2527856990814
"Wave_1695",13.3669529177738
"Wave_1696",13.4741598042642
"Wave_1697",13.5603120093211
"Wave_1698",13.6353294049574
"Wave_1699",13.702306159495
"Wave_1700",13.7328605859303
"Wave_1701",13.7396600162177
"Wave_1702",13.7238487358428
"Wave_1703",13.6727234380444
"Wave_1704",13.6175923611018
"Wave_1705",13.5520648146659
"Wave_1706",13.4651765504509
"Wave_1707",13.3566730537164
"Wave_1708",13.2296953558756
"Wave_1709",13.0730025654509
"Wave_1710",12.9285109607974
"Wave_1711",12.7608550626122
"Wave_1712",12.6379910011976
"Wave_1713",12.5273720485465
"Wave_1714",12.4396091532127
"Wave_1715",12.3629055698618
"Wave_1716",12.335003226527
"Wave_1717",12.3317326496364
"Wave_1718",12.3817352609347
"Wave_1719",12.5077695850282
"Wave_1720",12.6023175373467
"Wave_1721",12.720119513638
"Wave_1722",12.8300767491398
"Wave_1723",12.917678956801
"Wave_1724",13.0501175982565
"Wave_1725",13.2401625190347
"Wave_1726",13.3539190718712
"Wave_1727",13.477362806134
"Wave_1728",13.5264373337886
"Wave_1729",13.5058786266513
"Wave_1730",13.4605664698056
"Wave_1731",13.3894337369857
"Wave_1732",13.2599654446037
"Wave_1733",13.0860539508107
"Wave_1734",12.8633422265127
"Wave_1735",12.5836082175962
"Wave_1736",12.2861882424206
"Wave_1737",11.9613423240859
"Wave_1738",11.6176198952222
"Wave_1739",11.2817178573647
"Wave_1740",10.9249254979844
"Wave_1741",10.5499116152993
"Wave_1742",10.1624898646506
"Wave_1743",9.76481352150353
"Wave_1744",9.39857996622282
"Wave_1745",9.04384543030858
"Wave_1746",8.68944876097724
"Wave_1747",8.35446064974262
"Wave_1748",8.01850404561313
"Wave_1749",7.68930949229
"Wave_1750",7.3873489372962
"Wave_1751",7.11009658899555
"Wave_1752",6.84108321855831
"Wave_1753",6.55200478747476
"Wave_1754",6.26749651464484
"Wave_1755",6.00051256461194
"Wave_1756",5.73567472578215
"Wave_1757",5.49013239190049
"Wave_1758",5.27123234065001
"Wave_1759",5.02937673545617
"Wave_1760",4.75865871858526
"Wave_1761",4.49754668330948
"Wave_1762",4.22674541851226
"Wave_1763",3.96236963727175
"Wave_1764",3.71471464026838
"Wave_1765",3.44361439538498
"Wave_1766",3.15978625676991
"Wave_1767",2.87863622581821
"Wave_1768",2.58177107222122
"Wave_1769",2.2632325792567
"Wave_1770",1.92776343763909
"Wave_1771",1.59125350743809
"Wave_1772",1.25119523558235
"Wave_1773",0.932916354379157
"Wave_1774",0.641911227937834
"Wave_1775",0.339886811529553
"Wave_1776",0.073910141110042
"Wave_1777",-0.17631044118845
"Wave_1778",-0.442989442108971
"Wave_1779",-0.671741891615102
"Wave_1780",-0.883783831445037
"Wave_1781",-1.11267021260438
"Wave_1782",-1.35181411681634
"Wave_1783",-1.60509189847009
"Wave_1784",-1.90924283073554
"Wave_1785",-2.13713839807365
"Wave_1786",-2.27952107560815
"Wave_1787",-2.4725333037373
"Wave_1788",-2.65606272794567
"Wave_1789",-2.85797839115564
"Wave_1790",-3.1056712258437
"Wave_1791",-3.30993677480427
"Wave_1792",-3.49305419061308
"Wave_1793",-3.67728700813104
"Wave_1794",-3.83076899592789
"Wave_1795",-4.02308043844551
"Wave_1796",-4.2361385800428
"Wave_1797",-4.45209729695153
"Wave_1798",-4.69665066452511
"Wave_1799",-4.91673469161106
"Wave_1800",-5.10822920346124
"Wave_1801",-9.69066006262066
"Wave_1802",-9.82964398439634
"Wave_1803",-9.96958265945932
"Wave_1804",-10.1210399909706
"Wave_1805",-10.2660277516175
"Wave_1806",-10.4119593511666
"Wave_1807",-10.5538756530588
"Wave_1808",-10.6956384945077
"Wave_1809",-10.8291805797639
"Wave_1810",-10.9736562805219
"Wave_1811",-11.1343864851713
"Wave_1812",-11.2731257389452
"Wave_1813",-11.4066016028732
"Wave_1814",-11.5405560737717
"Wave_1815",-11.6512774222999
"Wave_1816",-11.7782923402929
"Wave_1817",-11.9088341432706
"Wave_1818",-12.0615888556329
"Wave_1819",-12.2015487289998
"Wave_1820",-12.3406822061253
"Wave_1821",-12.4840699475647
"Wave_1822",-12.6378362069779
"Wave_1823",-12.7735343095891
"Wave_1824",-12.9043247630723
"Wave_1825",-13.0345380660367
"Wave_1826",-13.1532245161499
"Wave_1827",-13.2635578674096
"Wave_1828",-13.4004346917952
"Wave_1829",-13.5475102743987
"Wave_1830",-13.6997100020789
"Wave_1831",-13.8719034605484
"Wave_1832",-14.030988938949
"Wave_1833",-14.1706860640383
"Wave_1834",-14.3435647847844
"Wave_1835",-14.5343509973792
"Wave_1836",-14.720965233057
"Wave_1837",-14.9149900842831
"Wave_1838",-15.129182512632
"Wave_1839",-15.3374444084934
"Wave_1840",-15.5465681028992
"Wave_1841",-15.7435877482442
"Wave_1842",-15.9506849634137
"Wave_1843",-16.1385732948604
"Wave_1844",-16.2916752089285
"Wave_1845",-16.466100164056
"Wave_1846",-16.6367692186051
"Wave_1847",-16.8177931408332
"Wave_1848",-17.0050109296499
"Wave_1849",-17.2092719093324
"Wave_1850",-17.3885509516729
"Wave_1851",-17.5661803877748
"Wave_1852",-17.7341513840043
"Wave_1853",-17.8963362870848
"Wave_1854",-18.0358864382704
"Wave_1855",-18.1649938308245
"Wave_1856",-18.2797534047306
"Wave_1857",-18.3628174874174
"Wave_1858",-18.4529614706693
"Wave_1859",-18.5206061818663
"Wave_1860",-18.5861327394794
"Wave_1861",-18.6178630087496
"Wave_1862",-18.6442751253737
"Wave_1863",-18.6185827436085
"Wave_1864",-18.5496972589958
"Wave_1865",-18.4762566164365
"Wave_1866",-18.3716748818742
"Wave_1867",-18.2518747650543
"Wave_1868",-18.1176909136576
"Wave_1869",-17.9960056282834
"Wave_1870",-17.8003485560221
"Wave_1871",-17.5721902807837
"Wave_1872",-17.3056800328659
"Wave_1873",-17.0169264397557
"Wave_1874",-16.6457757504844
"Wave_1875",-16.2398244444247
"Wave_1876",-15.7544011893404
"Wave_1877",-15.1766800756996
"Wave_1878",-14.5598216405773
"Wave_1879",-13.916932823514
"Wave_1880",-13.2115467222915
"Wave_1881",-12.5178265907256
"Wave_1882",-11.7987985112441
"Wave_1883",-11.0685580214162
"Wave_1884",-10.3147774134337
"Wave_1885",-9.56118381014785
"Wave_1886",-8.795643821285
"Wave_1887",-8.01540957583851
"Wave_1888",-7.20958994907682
"Wave_1889",-6.41760041298249
"Wave_1890",-5.64675299047571
"Wave_1891",-4.84465625825345
"Wave_1892",-4.12488834093705
"Wave_1893",-3.44959635563024
"Wave_1894",-2.80252759128764
"Wave_1895",-2.20738428576071
"Wave_1896",-1.61838120515389
"Wave_1897",-1.06200441501692
"Wave_1898",-0.515960129188707
"Wave_1899",0.0163381886282465
"Wave_1900",0.52745381210485
"Wave_1901",1.02190503938569
"Wave_1902",1.50373754390662
"Wave_1903",1.94690655866839
"Wave_1904",2.3606474664299
"Wave_1905",2.76065351127307
"Wave_1906",3.13967382188687
"Wave_1907",3.48440959841725
"Wave_1908",3.80331090942859
"Wave_1909",4.1017390262076
"Wave_1910",4.37239477386935
"Wave_1911",4.60626178802955
"Wave_1912",4.82362892228036
"Wave_1913",5.02565632581747
"Wave_1914",5.20080281487386
"Wave_1915",5.34246891884467
"Wave_1916",5.46923370367584
"Wave_1917",5.58011270416966
"Wave_1918",5.66907958441452
"Wave_1919",5.72463165385187
"Wave_1920",5.77719480907481
"Wave_1921",5.81527396102005
"Wave_1922",5.84018230823921
"Wave_1923",5.86147077736485
"Wave_1924",5.8668454957641
"Wave_1925",5.85863929892603
"Wave_1926",5.8437637654992
"Wave_1927",5.80049739652734
"Wave_1928",5.72907330802015
"Wave_1929",5.66106998138978
"Wave_1930",5.57266475453792
"Wave_1931",5.48509736143223
"Wave_1932",5.40463475839584
"Wave_1933",5.30443313879558
"Wave_1934",5.17576806280555
"Wave_1935",5.057329254509
"Wave_1936",4.9321216387954
"Wave_1937",4.79439073221904
"Wave_1938",4.65646334328569
"Wave_1939",4.52097348688564
"Wave_1940",4.37347132829779
"Wave_1941",4.21727835187653
"Wave_1942",4.05775821624099
"Wave_1943",3.88888883417349
"Wave_1944",3.72314401929735
"Wave_1945",3.56164834199469
"Wave_1946",3.39140723243713
"Wave_1947",3.21870116648253
"Wave_1948",3.04628249843473
"Wave_1949",2.87675108836143
"Wave_1950",2.70869909138051
"Wave_1951",2.53083734937742
"Wave_1952",2.35275571798929
"Wave_1953",2.17227387873537
"Wave_1954",1.97983195422218
"Wave_1955",1.78690678268292
"Wave_1956",1.61599009114561
"Wave_1957",1.44163808526365
"Wave_1958",1.25368205255113
"Wave_1959",1.05599498028955
"Wave_1960",0.848706035866203
"Wave_1961",0.622493121669267
"Wave_1962",0.399697512002758
"Wave_1963",0.165428556953814
"Wave_1964",-0.0590229509082565
"Wave_1965",-0.284929153569684
"Wave_1966",-0.510267568767468
"Wave_1967",-0.729812629280924
"Wave_1968",-0.940450858315505
"Wave_1969",-1.14536435630457
"Wave_1970",-1.36063029931476
"Wave_1971",-1.57162340428555
"Wave_1972",-1.78687946326261
"Wave_1973",-2.01715460176604
"Wave_1974",-2.26814658869553
"Wave_1975",-2.50121794376567
"Wave_1976",-2.73994517969676
"Wave_1977",-2.97291732975726
"Wave_1978",-3.19098354098572
"Wave_1979",-3.42676169122532
"Wave_1980",-3.65552700993613
"Wave_1981",-3.87883628054867
"Wave_1982",-4.10960483248261
"Wave_1983",-4.33528429445284
"Wave_1984",-4.5810012545324
"Wave_1985",-4.83730871543363
"Wave_1986",-5.08632007548058
"Wave_1987",-5.3405426235842
"Wave_1988",-5.5883115261174
"Wave_1989",-5.83089305491112
"Wave_1990",-6.07350234303289
"Wave_1991",-6.31097682173898
"Wave_1992",-6.55239118218554
"Wave_1993",-6.80945450193009
"Wave_1994",-7.05458256395902
"Wave_1995",-7.27436820210406
"Wave_1996",-7.49130280616368
"Wave_1997",-7.70245044976517
"Wave_1998",-7.90433383315071
"Wave_1999",-8.11107079567016
"Wave_2000",-8.33271958378069
"Wave_2001",-8.54370079776881
"Wave_2002",-8.74936127704684
"Wave_2003",-8.94706727106024
"Wave_2004",-9.13920711869228
"Wave_2005",-9.33531720009126
"Wave_2006",-9.50427097013558
"Wave_2007",-9.66069715343975
"Wave_2008",-9.83112109173921
"Wave_2009",-9.99457620871868
"Wave_2010",-10.1542649313796
"Wave_2011",-10.3028763656812
"Wave_2012",-10.4337172480183
"Wave_2013",-10.5415199085039
"Wave_2014",-10.6446722872623
"Wave_2015",-10.7318114656947
"Wave_2016",-10.8239841709593
"Wave_2017",-10.9072953671281
"Wave_2018",-10.978810183166
"Wave_2019",-11.0402403752924
"Wave_2020",-11.0729066381179
"Wave_2021",-11.0898128094447
"Wave_2022",-11.1054138389098
"Wave_2023",-11.1010205382131
"Wave_2024",-11.0802652757898
"Wave_2025",-11.0489667764951
"Wave_2026",-11.0048962565351
"Wave_2027",-10.9377032306763
"Wave_2028",-10.846191245499
"Wave_2029",-10.7646127345726
"Wave_2030",-10.666087184408
"Wave_2031",-10.5464828769965
"Wave_2032",-10.4303734383788
"Wave_2033",-10.2860123673241
"Wave_2034",-10.1259649592014
"Wave_2035",-9.960445278786
"Wave_2036",-9.77144688225695
"Wave_2037",-9.58220520756965
"Wave_2038",-9.37579436959988
"Wave_2039",-9.14127227682505
"Wave_2040",-8.89278644723392
"Wave_2041",-8.61916146907316
"Wave_2042",-8.34836849762838
"Wave_2043",-8.06295104136575
"Wave_2044",-7.7744716161883
"Wave_2045",-7.49165236744274
"Wave_2046",-7.18893271782211
"Wave_2047",-6.86445529572623
"Wave_2048",-6.52293024611834
"Wave_2049",-6.16443748903964
"Wave_2050",-5.80930093179741
"Wave_2051",-5.4631966153853
"Wave_2052",-5.13246528273931
"Wave_2053",-4.79486903380568
"Wave_2054",-4.46535812300923
"Wave_2055",-4.13071094356936
"Wave_2056",-3.79396727238704
"Wave_2057",-3.44341687396152
"Wave_2058",-3.10206060067972
"Wave_2059",-2.76297830958122
"Wave_2060",-2.43105862802482
"Wave_2061",-2.10532546688839
"Wave_2062",-1.76916279952203
"Wave_2063",-1.42904213507468
"Wave_2064",-1.08263875888386
"Wave_2065",-0.723735294982614
"Wave_2066",-0.37698116885115
"Wave_2067",-0.0369631913946457
"Wave_2068",0.307837085326587
"Wave_2069",0.643668653116832
"Wave_2070",0.997537870664995
"Wave_2071",1.36594855833207
"Wave_2072",1.73200188915991
"Wave_2073",2.07718328836757
"Wave_2074",2.42699220432018
"Wave_2075",2.77274122775153
"Wave_2076",3.12341383517863
"Wave_2077",3.48881146563349
"Wave_2078",3.87069345579589
"Wave_2079",4.26048533505436
"Wave_2080",4.63156811166841
"Wave_2081",5.00436304698114
"Wave_2082",5.38537172988342
"Wave_2083",5.76488694296996
"Wave_2084",6.13738943280673
"Wave_2085",6.52052409327322
"Wave_2086",6.91836975282807
"Wave_2087",7.29268440413408
"Wave_2088",7.6729137701076
"Wave_2089",8.04642606762775
"Wave_2090",8.39894536546702
"Wave_2091",8.77730304769218
"Wave_2092",9.15594091700977
"Wave_2093",9.49613604821613
"Wave_2094",9.83438315699738
"Wave_2095",10.1827716472499
"Wave_2096",10.5176847745587
"Wave_2097",10.8368483049624
"Wave_2098",11.1485466722781
"Wave_2099",11.4507416144024
"Wave_2100",11.7451373318532
"Wave_2101",12.0173380147354
"Wave_2102",12.3052133632718
"Wave_2103",12.6104082655535
"Wave_2104",12.8960896187415
"Wave_2105",13.1804049717868
"Wave_2106",13.453511930179
"Wave_2107",13.6971633242006
"Wave_2108",13.9398290411622
"Wave_2109",14.1740826911025
"Wave_2110",14.3930668543963
"Wave_2111",14.6194459454001
"Wave_2112",14.8424454189146
"Wave_2113",15.0423929036767
"Wave_2114",15.2315969324205
"Wave_2115",15.4103365835777
"Wave_2116",15.5630281508506
"Wave_2117",15.7132527549574
"Wave_2118",15.8516809738018
"Wave_2119",15.9963970199901
"Wave_2120",16.1299050685724
"Wave_2121",16.2658634057701
"Wave_2122",16.4001159089812
"Wave_2123",16.5342283119499
"Wave_2124",16.6604903784179
"Wave_2125",16.7665010257642
"Wave_2126",16.8872395603608
"Wave_2127",17.0020649866928
"Wave_2128",17.10412752443
"Wave_2129",17.2306921699154
"Wave_2130",17.3474936560996
"Wave_2131",17.4438282758672
"Wave_2132",17.5585127886909
"Wave_2133",17.6762127010329
"Wave_2134",17.7874994840213
"Wave_2135",17.8906593098315
"Wave_2136",18.0123994086998
"Wave_2137",18.1373435239793
"Wave_2138",18.2540548034196
"Wave_2139",18.3893956178541
"Wave_2140",18.5170368712921
"Wave_2141",18.6160837706722
"Wave_2142",18.7142319629338
"Wave_2143",18.8202102840399
"Wave_2144",18.9241175416076
"Wave_2145",19.0315354956576
"Wave_2146",19.1319079431031
"Wave_2147",19.2130095076794
"Wave_2148",19.2868151395041
"Wave_2149",19.3539665889148
"Wave_2150",19.4444414035416
"Wave_2151",19.5389785936261
"Wave_2152",19.6248773696148
"Wave_2153",19.7284040972695
"Wave_2154",19.8580554216
"Wave_2155",19.9594999534492
"Wave_2156",20.0416607589153
"Wave_2157",20.1552576111992
"Wave_2158",20.2503809662942
"Wave_2159",20.338037460855
"Wave_2160",20.4430060555862
"Wave_2161",20.5307527784463
"Wave_2162",20.5934928909638
"Wave_2163",20.6460388852946
"Wave_2164",20.6998606110935
"Wave_2165",20.7320725782495
"Wave_2166",20.7465581525503
"Wave_2167",20.7675453317967
"Wave_2168",20.7794231914809
"Wave_2169",20.7723006372043
"Wave_2170",20.7607653182758
"Wave_2171",20.7421443332568
"Wave_2172",20.7264021714976
"Wave_2173",20.7038178194941
"Wave_2174",20.6950311469705
"Wave_2175",20.6818423796816
"Wave_2176",20.6549001312008
"Wave_2177",20.6006866572356
"Wave_2178",20.5275649939437
"Wave_2179",20.4623045991638
"Wave_2180",20.3773059012687
"Wave_2181",20.2842648394611
"Wave_2182",20.188525927608
"Wave_2183",20.0532717742404
"Wave_2184",19.9289566162565
"Wave_2185",19.8107838570333
"Wave_2186",19.6654818830441
"Wave_2187",19.5430113883194
"Wave_2188",19.4084851755306
"Wave_2189",19.2416003693822
"Wave_2190",19.0834040594565
"Wave_2191",18.904329557779
"Wave_2192",18.7099401943375
"Wave_2193",18.5235436375155
"Wave_2194",18.3416718827678
"Wave_2195",18.1590489654323
"Wave_2196",17.9729806616492
"Wave_2197",17.7602102976439
"Wave_2198",17.5382605931369
"Wave_2199",17.3265839163267
"Wave_2200",17.0988696817151
"Wave_2201",16.8877291303651
"Wave_2202",16.6879919359339
"Wave_2203",16.4534691640545
"Wave_2204",16.2133168974129
"Wave_2205",15.9976686395754
"Wave_2206",15.7923756585917
"Wave_2207",15.598791345407
"Wave_2208",15.4308746136172
"Wave_2209",15.2688306981464
"Wave_2210",15.0953903731274
"Wave_2211",14.9142211682746
"Wave_2212",14.7349269306288
"Wave_2213",14.5571091890271
"Wave_2214",14.3747581212874
"Wave_2215",14.1939242635468
"Wave_2216",14.0148948182002
"Wave_2217",13.8418129432678
"Wave_2218",13.6522128653196
"Wave_2219",13.4471062200313
"Wave_2220",13.2653916667681
"Wave_2221",13.09039857827
"Wave_2222",12.9226546312093
"Wave_2223",12.7898019910352
"Wave_2224",12.6610294043473
"Wave_2225",12.5645949121708
"Wave_2226",12.4923606942995
"Wave_2227",12.4218876844948
"Wave_2228",12.3860783772174
"Wave_2229",12.3472198631688
"Wave_2230",12.3242921534528
"Wave_2231",12.3645221456146
"Wave_2232",12.4510568770338
"Wave_2233",12.5456171945877
"Wave_2234",12.6417238601582
"Wave_2235",12.7671471936881
"Wave_2236",12.8888659190047
"Wave_2237",13.0260711957391
"Wave_2238",13.2002062542741
"Wave_2239",13.3653652707933
"Wave_2240",13.5258606653808
"Wave_2241",13.6796429939985
"Wave_2242",13.8292738088627
"Wave_2243",13.9757941687217
"Wave_2244",14.1126120053291
"Wave_2245",14.2533624687104
"Wave_2246",14.3898268285781
"Wave_2247",14.5435955203663
"Wave_2248",14.7103054216556
"Wave_2249",14.8795077108756
"Wave_2250",15.0552383674743
"Wave_2251",15.2460112894607
"Wave_2252",15.4287225704731
"Wave_2253",15.5976113674056
"Wave_2254",15.7899096346072
"Wave_2255",15.9933086870021
"Wave_2256",16.2042482957295
"Wave_2257",16.4368252150419
"Wave_2258",16.6615018245077
"Wave_2259",16.8915461944011
"Wave_2260",17.163363769628
"Wave_2261",17.4239390406975
"Wave_2262",17.6845748446588
"Wave_2263",17.9389454523018
"Wave_2264",18.1537415478511
"Wave_2265",18.385720700513
"Wave_2266",18.6114029629966
"Wave_2267",18.8240116521051
"Wave_2268",19.0212532366215
"Wave_2269",19.1728295367206
"Wave_2270",19.2975843709754
"Wave_2271",19.4125842246555
"Wave_2272",19.4512513371744
"Wave_2273",19.4496726042323
"Wave_2274",19.3884669447641
"Wave_2275",19.2631470639259
"Wave_2276",19.0744237580861
"Wave_2277",18.8393071677671
"Wave_2278",18.5135908664812
"Wave_2279",18.0949963619062
"Wave_2280",17.6249266867287
"Wave_2281",17.0326226139237
"Wave_2282",16.3623751514604
"Wave_2283",15.6847422214346
"Wave_2284",14.985142765359
"Wave_2285",14.2842186969367
"Wave_2286",13.5864030147277
"Wave_2287",12.8594917375551
"Wave_2288",12.1028050440283
"Wave_2289",11.3380969359783
"Wave_2290",10.5992029527149
"Wave_2291",9.91012049281855
"Wave_2292",9.24968623898889
"Wave_2293",8.64002122708159
"Wave_2294",8.09624005962913
"Wave_2295",7.5510780579233
"Wave_2296",6.98868020254929
"Wave_2297",6.48266599868676
"Wave_2298",6.01374354794383
"Wave_2299",5.58236753659318
"Wave_2300",5.18385626725427
"Wave_2301",4.79591594695717
"Wave_2302",4.44361625388237
"Wave_2303",4.13663264847354
"Wave_2304",3.87823669214606
"Wave_2305",3.63168968999134
"Wave_2306",3.42285275138667
"Wave_2307",3.24357146759788
"Wave_2308",3.08016779840957
"Wave_2309",2.92747436069831
"Wave_2310",2.8316535463348
"Wave_2311",2.72400327637607
"Wave_2312",2.59646142896617
"Wave_2313",2.50318953302973
"Wave_2314",2.44777973667208
"Wave_2315",2.38118110835361
"Wave_2316",2.33598573190421
"Wave_2317",2.26320621098929
"Wave_2318",2.19819999018735
"Wave_2319",2.09969406143408
"Wave_2320",1.97055810142168
"Wave_2321",1.83425020351171
"Wave_2322",1.69107609391289
"Wave_2323",1.4998048719868
"Wave_2324",1.28327473335363
"Wave_2325",1.0710935604158
"Wave_2326",0.878125318619364
"Wave_2327",0.64078945678369
"Wave_2328",0.379217020909346
"Wave_2329",0.113942595177498
"Wave_2330",-0.195343551051341
"Wave_2331",-0.499180577310306
"Wave_2332",-0.794260521589908
"Wave_2333",-1.08677056499409
"Wave_2334",-1.37180113907969
"Wave_2335",-1.64300079399599
"Wave_2336",-1.80829833917124
"Wave_2337",-1.95095383429832
"Wave_2338",-2.11520841885622
"Wave_2339",-2.23658638207177
"Wave_2340",-2.40122405155574
"Wave_2341",-2.58609496857235
"Wave_2342",-2.69405119038948
"Wave_2343",-2.80129591075039
"Wave_2344",-2.93031540823007
"Wave_2345",-3.05659339678101
"Wave_2346",-3.24660857719949
"Wave_2347",-3.47774130930491
"Wave_2348",-3.73519813463261
"Wave_2349",-4.01633133316507
"Wave_2350",-4.25652537515188
"Wave_2351",-4.47063827044914
"Wave_2352",-4.69343513059455
"Wave_2353",-4.92467096812761
"Wave_2354",-5.20661828966191
"Wave_2355",-5.53444755185859
"Wave_2356",-5.82874924613713
"Wave_2357",-6.1069825557954
"Wave_2358",-6.4184999302467
"Wave_2359",-6.71574926034904
"Wave_2360",-6.96519697124715
"Wave_2361",-7.18746931391631
"Wave_2362",-7.35413900987592
"Wave_2363",-7.46807019335546
"Wave_2364",-7.63129096049828
"Wave_2365",-7.82868462387998
"Wave_2366",-7.99567418566073
"Wave_2367",-8.1946041780319
"Wave_2368",-8.38611493104222
"Wave_2369",-8.49177675094682
"Wave_2370",-8.58005437478759
"Wave_2371",-8.6103351185045
"Wave_2372",-8.68554777829055
"Wave_2373",-8.76797045930305
"Wave_2374",-8.81734053956413
"Wave_2375",-8.90110106699439
"Wave_2376",-8.88933194194203
"Wave_2377",-8.78778636675522
"Wave_2378",-8.70018046709713
"Wave_2379",-8.56205644449281
"Wave_2380",-8.46508995281123
"Wave_2381",-8.36796337810472
"Wave_2382",-8.253808184005
"Wave_2383",-8.15447166617544
"Wave_2384",-8.04763785807863
"Wave_2385",-7.90658711811544
"Wave_2386",-7.81693672946298
"Wave_2387",-7.76457900773065
"Wave_2388",-7.69397836072694
"Wave_2389",-7.65151125673743
"Wave_2390",-7.57418748145527
"Wave_2391",-7.45110386012532
"Wave_2392",-7.3546129292603
"Wave_2393",-7.25413204150557
"Wave_2394",-7.16835818941757
"Wave_2395",-7.09973993194698
"Wave_2396",-7.05652558852111
"Wave_2397",-7.07789194642494
"Wave_2398",-6.98586954071823
"Wave_2399",-6.83935857271057
"Wave_2400",-6.73097816154154
"Wave_2401",-6.54304608152219
"Wave_2402",-6.41325031807396
"Wave_2403",-6.3961371333018
"Wave_2404",-6.25388539926397
"Wave_2405",-6.04787071247885
"Wave_2406",-5.85405397825673
"Wave_2407",-5.60180459408874
"Wave_2408",-5.39029118715724
"Wave_2409",-5.161553750801
"Wave_2410",-4.98691490603773
"Wave_2411",-4.87845406554588
"Wave_2412",-4.71298953513438
"Wave_2413",-4.57881002228068
"Wave_2414",-4.39994788380485
"Wave_2415",-4.15012267412601
"Wave_2416",-3.91526773419611
"Wave_2417",-3.70538980475769
"Wave_2418",-3.43409403643402
"Wave_2419",-3.07610038626286
"Wave_2420",-2.83084760118809
"Wave_2421",-2.58369293710828
"Wave_2422",-2.39315062740308
"Wave_2423",-2.30890268008826
"Wave_2424",-2.19052971107791
"Wave_2425",-2.08280891614553
"Wave_2426",-1.96505573986651
"Wave_2427",-1.87328950299682
"Wave_2428",-1.73477541159439
"Wave_2429",-1.52103667008257
"Wave_2430",-1.4014001730161
"Wave_2431",-1.33360508533719
"Wave_2432",-1.23601203874203
"Wave_2433",-1.15533117277287
"Wave_2434",-1.12360561333345
"Wave_2435",-1.09733480386678
"Wave_2436",-1.04338643988004
"Wave_2437",-1.01823302956056
"Wave_2438",-1.03541759379045
"Wave_2439",-1.04435580569257
"Wave_2440",-1.01863862126479
"Wave_2441",-1.0518995271083
"Wave_2442",-1.0329878140458
"Wave_2443",-0.964679208590883
"Wave_2444",-1.02611163012577
"Wave_2445",-1.09544644877512
"Wave_2446",-0.959499633926503
"Wave_2447",-0.79626989687601
"Wave_2448",-0.692844117274666
"Wave_2449",-0.579761227562235
"Wave_2450",-0.531746676585694
"Wave_2451",-0.517394934241944
"Wave_2452",-0.469951045571619
"Wave_2453",-0.389588016979639
"Wave_2454",-0.364697134040683
"Wave_2455",-0.329813833181883
"Wave_2456",-0.145390266380131
"Wave_2457",-0.00769324489376527
"Wave_2458",0.0192360726809297
"Wave_2459",0.150003364187192
"Wave_2460",0.384879359365496
"Wave_2461",0.669174628440357
"Wave_2462",1.05257955173023
"Wave_2463",1.34613444562795
"Wave_2464",1.4283856877709
"Wave_2465",1.64220609870187
"Wave_2466",2.02525323824857
"Wave_2467",2.25876770626584
"Wave_2468",2.49961942926818
"Wave_2469",2.63362645911506
"Wave_2470",2.54115972231437
"Wave_2471",2.56920729537858
"Wave_2472",2.5454942758221
"Wave_2473",2.65076747098404
"Wave_2474",2.97758418778544
"Wave_2475",3.09222004993409
"Wave_2476",3.13531136731931
"Wave_2477",3.22645856994307
"Wave_2478",3.19489994345515
"Wave_2479",3.24409714846358
"Wave_2480",3.38327381185586
"Wave_2481",3.53556377685396
"Wave_2482",3.74159379229131
"Wave_2483",3.82835807424208
"Wave_2484",3.89044356971007
"Wave_2485",3.99064229870931
"Wave_2486",3.93732062190672
"Wave_2487",4.05872030775453
"Wave_2488",4.47527221414979
"Wave_2489",4.52420793841247
"Wave_2490",4.43662596725714
"Wave_2491",4.34782689292638
"Wave_2492",3.97911763850737
"Wave_2493",3.89525270418437
"Wave_2494",3.95730156792112
"Wave_2495",3.99396208114596
"Wave_2496",4.12219319693651
"Wave_2497",4.20451726106827
"Wave_2498",4.26507554247117
"Wave_2499",4.40575302459255
"Wave_2500",4.62214630374001
