"","x"
"Wave_350",2.51678582773721
"Wave_351",2.4998764543989
"Wave_352",2.5420781024847
"Wave_353",2.48965060110014
"Wave_354",2.46128803873678
"Wave_355",2.45555252662106
"Wave_356",2.44410526492969
"Wave_357",2.47404326925785
"Wave_358",2.47548893452249
"Wave_359",2.42967983892739
"Wave_360",2.36975980867062
"Wave_361",2.38520803409505
"Wave_362",2.4058316257402
"Wave_363",2.38430624021482
"Wave_364",2.3506430659232
"Wave_365",2.35238492685092
"Wave_366",2.36453101466499
"Wave_367",2.3558330376752
"Wave_368",2.3544847028155
"Wave_369",2.33503241321795
"Wave_370",2.32107163260495
"Wave_371",2.34250626338143
"Wave_372",2.3413335305576
"Wave_373",2.33829316885547
"Wave_374",2.34286037244305
"Wave_375",2.34650047484888
"Wave_376",2.3551791227909
"Wave_377",2.37018099660743
"Wave_378",2.38397949462034
"Wave_379",2.35853662921577
"Wave_380",2.37753192776218
"Wave_381",2.41550871436221
"Wave_382",2.41813515318048
"Wave_383",2.41937854943791
"Wave_384",2.4257013536068
"Wave_385",2.43458371194389
"Wave_386",2.43901026477873
"Wave_387",2.4640730651072
"Wave_388",2.48767195940232
"Wave_389",2.49737861591645
"Wave_390",2.50717736760014
"Wave_391",2.54674014779458
"Wave_392",2.58401169982255
"Wave_393",2.5864132188191
"Wave_394",2.57280788738195
"Wave_395",2.59141611226118
"Wave_396",2.63443131850725
"Wave_397",2.66185145453436
"Wave_398",2.65013327816552
"Wave_399",2.65406043160208
"Wave_400",2.6785511834731
"Wave_401",2.66450990821211
"Wave_402",2.65099759973662
"Wave_403",2.65084770985676
"Wave_404",2.6624775202046
"Wave_405",2.66296874332583
"Wave_406",2.64726534908276
"Wave_407",2.62236755106784
"Wave_408",2.59836202022189
"Wave_409",2.56368942197772
"Wave_410",2.5368159530181
"Wave_411",2.51075592465566
"Wave_412",2.45508368969363
"Wave_413",2.39601656518344
"Wave_414",2.34253339925583
"Wave_415",2.29221776576128
"Wave_416",2.22526375081733
"Wave_417",2.15720654221312
"Wave_418",2.09305966891828
"Wave_419",2.03203505713427
"Wave_420",1.96542076113424
"Wave_421",1.89565831919721
"Wave_422",1.82992084596362
"Wave_423",1.7763773895865
"Wave_424",1.70515532702934
"Wave_425",1.6382141612926
"Wave_426",1.58748324728822
"Wave_427",1.53081712332831
"Wave_428",1.46839539126224
"Wave_429",1.40629075502018
"Wave_430",1.35063109068389
"Wave_431",1.29460525064943
"Wave_432",1.24593095893309
"Wave_433",1.20156477481792
"Wave_434",1.151217116641
"Wave_435",1.11128462711432
"Wave_436",1.07202417477922
"Wave_437",1.02948520451956
"Wave_438",0.997764962263454
"Wave_439",0.966164712328049
"Wave_440",0.935749678878707
"Wave_441",0.91030243524403
"Wave_442",0.888130945044196
"Wave_443",0.87087813475841
"Wave_444",0.853615891568643
"Wave_445",0.827361266672721
"Wave_446",0.814713487541439
"Wave_447",0.802554571887239
"Wave_448",0.783075135992668
"Wave_449",0.771031622552707
"Wave_450",0.76009952208339
"Wave_451",0.750944927699975
"Wave_452",0.744447655546283
"Wave_453",0.73100467790042
"Wave_454",0.721110524536361
"Wave_455",0.715959741244128
"Wave_456",0.708103042556946
"Wave_457",0.700006517711293
"Wave_458",0.69156839824265
"Wave_459",0.683356400920138
"Wave_460",0.678044975280436
"Wave_461",0.671325613388786
"Wave_462",0.663276309294302
"Wave_463",0.656012247661801
"Wave_464",0.653336381138591
"Wave_465",0.650625033333656
"Wave_466",0.646396331525235
"Wave_467",0.642812615397191
"Wave_468",0.639754138959179
"Wave_469",0.637155828245569
"Wave_470",0.635079072152844
"Wave_471",0.633771845933595
"Wave_472",0.631406905481697
"Wave_473",0.629282181057338
"Wave_474",0.629084264218844
"Wave_475",0.627753289115459
"Wave_476",0.626459277974886
"Wave_477",0.625667292788567
"Wave_478",0.62484528246214
"Wave_479",0.624141094746843
"Wave_480",0.623720929481673
"Wave_481",0.623755828697984
"Wave_482",0.624247596372869
"Wave_483",0.624263553683979
"Wave_484",0.624283725851098
"Wave_485",0.625271318629589
"Wave_486",0.626720638688826
"Wave_487",0.628417856892474
"Wave_488",0.630348640153707
"Wave_489",0.632965639983585
"Wave_490",0.636196843015616
"Wave_491",0.6397200751006
"Wave_492",0.643357398424893
"Wave_493",0.647897439634531
"Wave_494",0.653322780558126
"Wave_495",0.659296580657121
"Wave_496",0.665315060876585
"Wave_497",0.671977036055622
"Wave_498",0.679497169732592
"Wave_499",0.687896741005942
"Wave_500",0.697187860297977
"Wave_501",0.706697969022969
"Wave_502",0.716685714142265
"Wave_503",0.727718024277995
"Wave_504",0.739581123793139
"Wave_505",0.752428146350122
"Wave_506",0.765853337828864
"Wave_507",0.778997559131844
"Wave_508",0.793529342818365
"Wave_509",0.80937754301274
"Wave_510",0.826173706541444
"Wave_511",0.843584428352603
"Wave_512",0.861855547570448
"Wave_513",0.881223677352607
"Wave_514",0.901905441305194
"Wave_515",0.923731787796474
"Wave_516",0.946788871462976
"Wave_517",0.97106751958954
"Wave_518",0.996373472221221
"Wave_519",1.02294039505762
"Wave_520",1.05063428833679
"Wave_521",1.07909000128019
"Wave_522",1.10822925259508
"Wave_523",1.13764431353065
"Wave_524",1.16671047997332
"Wave_525",1.19484342565924
"Wave_526",1.22251985339393
"Wave_527",1.24876595409684
"Wave_528",1.27252361758417
"Wave_529",1.29361562739108
"Wave_530",1.31432752083958
"Wave_531",1.33285034807302
"Wave_532",1.34646564696642
"Wave_533",1.35873113821833
"Wave_534",1.36946029805165
"Wave_535",1.37831326650336
"Wave_536",1.3850879574589
"Wave_537",1.39085570057544
"Wave_538",1.39526622299089
"Wave_539",1.39824016240097
"Wave_540",1.40110913307232
"Wave_541",1.40345596915988
"Wave_542",1.40553549869612
"Wave_543",1.40780768871726
"Wave_544",1.41016312694236
"Wave_545",1.4126715548793
"Wave_546",1.41531176270606
"Wave_547",1.41797365576576
"Wave_548",1.42060436327869
"Wave_549",1.42326339936734
"Wave_550",1.42587420904746
"Wave_551",1.42783066474032
"Wave_552",1.42942940285071
"Wave_553",1.43069804669702
"Wave_554",1.43152407096973
"Wave_555",1.43207132350827
"Wave_556",1.43222057638801
"Wave_557",1.4320286539778
"Wave_558",1.43198143531653
"Wave_559",1.43200641872848
"Wave_560",1.43233235949792
"Wave_561",1.43344092530318
"Wave_562",1.43501086938962
"Wave_563",1.43727476413435
"Wave_564",1.44029855895186
"Wave_565",1.44366294156358
"Wave_566",1.44750935339771
"Wave_567",1.45221678661777
"Wave_568",1.45774021202905
"Wave_569",1.46229377085793
"Wave_570",1.46682432940186
"Wave_571",1.47110530618926
"Wave_572",1.47408661172734
"Wave_573",1.47588549384146
"Wave_574",1.47728629105625
"Wave_575",1.47929548864625
"Wave_576",1.48302043122813
"Wave_577",1.48775128168735
"Wave_578",1.49369287337368
"Wave_579",1.50093099554258
"Wave_580",1.50753588937673
"Wave_581",1.51458029322184
"Wave_582",1.52188992474854
"Wave_583",1.52778376959086
"Wave_584",1.53095123139959
"Wave_585",1.53239060722172
"Wave_586",1.53399698016903
"Wave_587",1.5384884948104
"Wave_588",1.54629533950962
"Wave_589",1.55553259671446
"Wave_590",1.56351977575441
"Wave_591",1.57221875556449
"Wave_592",1.58147698841476
"Wave_593",1.59069435013513
"Wave_594",1.59898489531292
"Wave_595",1.60400377043431
"Wave_596",1.60678041670103
"Wave_597",1.60892110189964
"Wave_598",1.6099747612411
"Wave_599",1.61090820277365
"Wave_600",1.61134717842585
"Wave_601",1.6100619639085
"Wave_602",1.60823004383722
"Wave_603",1.60503856518452
"Wave_604",1.5998569124104
"Wave_605",1.59282459535428
"Wave_606",1.58498204112853
"Wave_607",1.5769341740916
"Wave_608",1.568805474867
"Wave_609",1.55960635982589
"Wave_610",1.54928840355904
"Wave_611",1.53870287204151
"Wave_612",1.5294145700105
"Wave_613",1.51977061746708
"Wave_614",1.51076137003779
"Wave_615",1.5032458019484
"Wave_616",1.49627249669929
"Wave_617",1.49026310610791
"Wave_618",1.48541352282849
"Wave_619",1.48167573825843
"Wave_620",1.47804073215913
"Wave_621",1.4748606013658
"Wave_622",1.47255109478872
"Wave_623",1.47140956425349
"Wave_624",1.47045442143631
"Wave_625",1.46977982587008
"Wave_626",1.46982802769601
"Wave_627",1.47093889375608
"Wave_628",1.47284945997654
"Wave_629",1.47607204205197
"Wave_630",1.48154445001626
"Wave_631",1.48707198742885
"Wave_632",1.49393487649454
"Wave_633",1.50294935963442
"Wave_634",1.51273247016695
"Wave_635",1.52292999403667
"Wave_636",1.53349019200836
"Wave_637",1.54443674617433
"Wave_638",1.55512036667489
"Wave_639",1.56419694395502
"Wave_640",1.57102018974908
"Wave_641",1.57581563947197
"Wave_642",1.57662809303769
"Wave_643",1.57386514187386
"Wave_644",1.56819971896753
"Wave_645",1.55952489089703
"Wave_646",1.54526736818701
"Wave_647",1.52641442368293
"Wave_648",1.50594461623776
"Wave_649",1.4854101838281
"Wave_650",1.46052487982642
"Wave_651",1.43101888183943
"Wave_652",1.40290686317303
"Wave_653",1.37352703085032
"Wave_654",1.34250849384661
"Wave_655",1.3100213480557
"Wave_656",1.27607050976348
"Wave_657",1.24116862259641
"Wave_658",1.20568807226995
"Wave_659",1.16990267895947
"Wave_660",1.13372016243545
"Wave_661",1.09761908516152
"Wave_662",1.06239232133994
"Wave_663",1.02905850195332
"Wave_664",0.998203309119421
"Wave_665",0.969120806310355
"Wave_666",0.941102408968324
"Wave_667",0.915974236861816
"Wave_668",0.892892912963177
"Wave_669",0.871419682857626
"Wave_670",0.851615049473282
"Wave_671",0.834179162824449
"Wave_672",0.817877881127969
"Wave_673",0.801912442543151
"Wave_674",0.787111448876895
"Wave_675",0.773677812489757
"Wave_676",0.761217242025329
"Wave_677",0.749224673261348
"Wave_678",0.737944133604775
"Wave_679",0.728828878038757
"Wave_680",0.722679377069241
"Wave_681",0.719689188206046
"Wave_682",0.721447612915373
"Wave_683",0.728800848951142
"Wave_684",0.742933638668863
"Wave_685",0.766351441964024
"Wave_686",0.800325247308084
"Wave_687",0.845190193960446
"Wave_688",0.900262944805833
"Wave_689",0.965441092315469
"Wave_690",1.03865381871128
"Wave_691",1.11642367824764
"Wave_692",1.19407434492392
"Wave_693",1.26892148678326
"Wave_694",1.33942648129231
"Wave_695",1.4044037133635
"Wave_696",1.46229242455147
"Wave_697",1.51297586556659
"Wave_698",1.556352937703
"Wave_699",1.59268094104994
"Wave_700",1.62316173181167
"Wave_701",1.64915205442849
"Wave_702",1.67181069354536
"Wave_703",1.69198624127098
"Wave_704",1.71060001488079
"Wave_705",1.72783585122833
"Wave_706",1.74397938756278
"Wave_707",1.75866145845006
"Wave_708",1.77173958991595
"Wave_709",1.78352498971039
"Wave_710",1.79511856358485
"Wave_711",1.80356939531392
"Wave_712",1.80797976452221
"Wave_713",1.80804553493308
"Wave_714",1.80369599043535
"Wave_715",1.79336271221047
"Wave_716",1.77753240281297
"Wave_717",1.75739374213979
"Wave_718",1.73475038308084
"Wave_719",1.70503222261421
"Wave_720",1.66921379569258
"Wave_721",1.63212749383805
"Wave_722",1.59362242504896
"Wave_723",1.55375023970739
"Wave_724",1.51348641202426
"Wave_725",1.47458923612543
"Wave_726",1.43820674404939
"Wave_727",1.40630646028689
"Wave_728",1.38001290846293
"Wave_729",1.35924909144575
"Wave_730",1.34427042933011
"Wave_731",1.33526230650833
"Wave_732",1.33366494181186
"Wave_733",1.33727333184504
"Wave_734",1.34485406749534
"Wave_735",1.35532962021455
"Wave_736",1.36945460811339
"Wave_737",1.38609210353872
"Wave_738",1.40402701972435
"Wave_739",1.42216264368834
"Wave_740",1.44218838393588
"Wave_741",1.46107357387058
"Wave_742",1.47974702308244
"Wave_743",1.50146882236262
"Wave_744",1.51845892967773
"Wave_745",1.52818384832901
"Wave_746",1.53279972711945
"Wave_747",1.54018971784509
"Wave_748",1.54632933934819
"Wave_749",1.5506736458221
"Wave_750",1.55354926320664
"Wave_751",1.55538110128987
"Wave_752",1.55207670914595
"Wave_753",1.54567404260671
"Wave_754",1.54125211072987
"Wave_755",1.53519258249263
"Wave_756",1.53011917028981
"Wave_757",1.52618035192794
"Wave_758",1.51963341354236
"Wave_759",1.51781547506186
"Wave_760",1.51251793887762
"Wave_761",1.49775923549363
"Wave_762",1.4844500641453
"Wave_763",1.47422400998218
"Wave_764",1.465113883969
"Wave_765",1.45360798052601
"Wave_766",1.44010621593306
"Wave_767",1.4274867566199
"Wave_768",1.41661348159821
"Wave_769",1.406063588834
"Wave_770",1.39622706024516
"Wave_771",1.38761639476864
"Wave_772",1.37963050551689
"Wave_773",1.36930759085775
"Wave_774",1.35590398362166
"Wave_775",1.34268602258543
"Wave_776",1.33299903149858
"Wave_777",1.3230632574165
"Wave_778",1.31400528074398
"Wave_779",1.30526006618115
"Wave_780",1.29524313740373
"Wave_781",1.28684989451906
"Wave_782",1.28061233037571
"Wave_783",1.27513264273136
"Wave_784",1.26670526095104
"Wave_785",1.25513578902556
"Wave_786",1.24285352059141
"Wave_787",1.23251934695635
"Wave_788",1.22480763350391
"Wave_789",1.219174410087
"Wave_790",1.21535237218848
"Wave_791",1.21261031507418
"Wave_792",1.20677802630407
"Wave_793",1.19901204373006
"Wave_794",1.19066578860252
"Wave_795",1.18280007245418
"Wave_796",1.17653988966064
"Wave_797",1.17172351131549
"Wave_798",1.16727082493043
"Wave_799",1.16083336646487
"Wave_800",1.15481919608962
"Wave_801",1.14908202890447
"Wave_802",1.14340181694377
"Wave_803",1.14121801956115
"Wave_804",1.13613730711643
"Wave_805",1.12912219978062
"Wave_806",1.12495758413669
"Wave_807",1.1182766107601
"Wave_808",1.10959153699263
"Wave_809",1.10058537234354
"Wave_810",1.09337736419542
"Wave_811",1.08820546164719
"Wave_812",1.08256845225842
"Wave_813",1.07490117388268
"Wave_814",1.06657872931657
"Wave_815",1.06152349514138
"Wave_816",1.05820787799914
"Wave_817",1.05358913045388
"Wave_818",1.04768397801534
"Wave_819",1.04124280564073
"Wave_820",1.03547718631582
"Wave_821",1.03101194158433
"Wave_822",1.02307294507331
"Wave_823",1.01479294541541
"Wave_824",1.00838727431026
"Wave_825",1.00400888349634
"Wave_826",0.998563487105317
"Wave_827",0.991328532573014
"Wave_828",0.983459310475891
"Wave_829",0.978451440823805
"Wave_830",0.972354330504235
"Wave_831",0.965961847812947
"Wave_832",0.960600026458729
"Wave_833",0.955408098940908
"Wave_834",0.949336195900595
"Wave_835",0.943188413382133
"Wave_836",0.938219345138965
"Wave_837",0.933390959275835
"Wave_838",0.929428288344947
"Wave_839",0.92591721025962
"Wave_840",0.921835990799913
"Wave_841",0.918185403041487
"Wave_842",0.914077947542406
"Wave_843",0.909351557194927
"Wave_844",0.905128751068336
"Wave_845",0.902533776650967
"Wave_846",0.899910503168524
"Wave_847",0.896332156631385
"Wave_848",0.894031703217964
"Wave_849",0.891024586069271
"Wave_850",0.8874979671778
"Wave_851",0.884213396617828
"Wave_852",0.88104690931162
"Wave_853",0.878072797983563
"Wave_854",0.875616572615925
"Wave_855",0.873898152585558
"Wave_856",0.871451476042939
"Wave_857",0.868268861387124
"Wave_858",0.865050731037611
"Wave_859",0.863324507831447
"Wave_860",0.861871817583614
"Wave_861",0.859305144578169
"Wave_862",0.85578672540318
"Wave_863",0.854077664646979
"Wave_864",0.852079221830203
"Wave_865",0.849621130516182
"Wave_866",0.847335852912403
"Wave_867",0.845404215562881
"Wave_868",0.843124341314361
"Wave_869",0.841171595297653
"Wave_870",0.840104245033097
"Wave_871",0.83894367176963
"Wave_872",0.837430636708505
"Wave_873",0.836017497584596
"Wave_874",0.83553806482807
"Wave_875",0.833770019242806
"Wave_876",0.831419745235979
"Wave_877",0.829865969598647
"Wave_878",0.830398759562349
"Wave_879",0.830474877614846
"Wave_880",0.830564298091633
"Wave_881",0.83063796079002
"Wave_882",0.829611378778869
"Wave_883",0.82835624462411
"Wave_884",0.826835616521132
"Wave_885",0.825193515504547
"Wave_886",0.824087783115521
"Wave_887",0.824363475404517
"Wave_888",0.825575474513225
"Wave_889",0.8259562902082
"Wave_890",0.822311544010753
"Wave_891",0.820587352287559
"Wave_892",0.820515083661592
"Wave_893",0.819914670645804
"Wave_894",0.816874873565534
"Wave_895",0.817815039285268
"Wave_896",0.820373136012421
"Wave_897",0.81946464678349
"Wave_898",0.815800025594899
"Wave_899",0.814695980894855
"Wave_900",0.816812312699042
"Wave_901",0.819623126211289
"Wave_902",0.818970447399797
"Wave_903",0.818873576724247
"Wave_904",0.818773636821761
"Wave_905",0.815548334703438
"Wave_906",0.814310517983997
"Wave_907",0.814246264008364
"Wave_908",0.816313926468858
"Wave_909",0.822410336280559
"Wave_910",0.82269771239728
"Wave_911",0.819360482928668
"Wave_912",0.817100637230565
"Wave_913",0.82009604040478
"Wave_914",0.820405966558963
"Wave_915",0.821567699571647
"Wave_916",0.825941302738657
"Wave_917",0.831062209522141
"Wave_918",0.830952548958409
"Wave_919",0.831654440708026
"Wave_920",0.835833281670648
"Wave_921",0.836068605074212
"Wave_922",0.834697909129158
"Wave_923",0.834456004623929
"Wave_924",0.837489100700991
"Wave_925",0.844337374623009
"Wave_926",0.849569759187151
"Wave_927",0.850874079238743
"Wave_928",0.849310867395151
"Wave_929",0.850837037276885
"Wave_930",0.846695899759773
"Wave_931",0.840272919721039
"Wave_932",0.837351863979525
"Wave_933",0.840152617909056
"Wave_934",0.844029080081639
"Wave_935",0.846316828295205
"Wave_936",0.847204116372767
"Wave_937",0.853099398480747
"Wave_938",0.860692438296217
"Wave_939",0.866059461264269
"Wave_940",0.867344139127845
"Wave_941",0.870970166761649
"Wave_942",0.873548478927617
"Wave_943",0.878519485349969
"Wave_944",0.887890207345234
"Wave_945",0.888988576296082
"Wave_946",0.885337603039387
"Wave_947",0.883573450739991
"Wave_948",0.888673705316837
"Wave_949",0.894577083868427
"Wave_950",0.900798084787643
"Wave_951",0.908531546939493
"Wave_952",0.917317136859764
"Wave_953",0.917210416264731
"Wave_954",0.917650668754142
"Wave_955",0.920843086003443
"Wave_956",0.924743233708869
"Wave_957",0.926088303011821
"Wave_958",0.927201193403597
"Wave_959",0.929527430006035
"Wave_960",0.933151796352443
"Wave_961",0.935209706561557
"Wave_962",0.935735717568839
"Wave_963",0.936867387986584
"Wave_964",0.940421569210497
"Wave_965",0.9432554922013
"Wave_966",0.947451247265504
"Wave_967",0.949173221874525
"Wave_968",0.946672287314403
"Wave_969",0.954554344328557
"Wave_970",0.962805462112585
"Wave_971",0.967654690128743
"Wave_972",0.969711865635146
"Wave_973",0.974331569666115
"Wave_974",0.976231584128688
"Wave_975",0.979046702888283
"Wave_976",0.98588346800219
"Wave_977",0.987280886430125
"Wave_978",0.990099321329537
"Wave_979",0.993348676822845
"Wave_980",0.996329767640091
"Wave_981",1.00701443697862
"Wave_982",1.01049251098033
"Wave_983",1.00970426796388
"Wave_984",1.01520763955519
"Wave_985",1.04052788671261
"Wave_986",1.04813085822357
"Wave_987",1.05098575567258
"Wave_988",1.06423372694705
"Wave_989",1.07563984315404
"Wave_990",1.08537469963222
"Wave_991",1.08855792977321
"Wave_992",1.08926686162893
"Wave_993",1.10573064928398
"Wave_994",1.11163668889306
"Wave_995",1.11505725048296
"Wave_996",1.12298994426033
"Wave_997",1.13050948917137
"Wave_998",1.14021471565038
"Wave_999",1.14940270086096
"Wave_1000",1.1565079976079
"Wave_1001",0.936561611045316
"Wave_1002",0.934788318291017
"Wave_1003",0.931362184683097
"Wave_1004",0.926035414329953
"Wave_1005",0.920866151421681
"Wave_1006",0.916287280493508
"Wave_1007",0.910452136465945
"Wave_1008",0.906090980485249
"Wave_1009",0.902993891594253
"Wave_1010",0.900319308590407
"Wave_1011",0.897209382414992
"Wave_1012",0.893748040508552
"Wave_1013",0.890490778364252
"Wave_1014",0.88705340308687
"Wave_1015",0.882348130881693
"Wave_1016",0.879320533200457
"Wave_1017",0.876758615236551
"Wave_1018",0.874991943930731
"Wave_1019",0.874073577381681
"Wave_1020",0.873013062667964
"Wave_1021",0.872332955688367
"Wave_1022",0.871728086073318
"Wave_1023",0.871210489993648
"Wave_1024",0.872028375762087
"Wave_1025",0.873327911099384
"Wave_1026",0.87511150288487
"Wave_1027",0.877690033475931
"Wave_1028",0.881248701234921
"Wave_1029",0.884704844274407
"Wave_1030",0.888463639468625
"Wave_1031",0.893383699705149
"Wave_1032",0.897598719612847
"Wave_1033",0.902869382809371
"Wave_1034",0.90993771735369
"Wave_1035",0.917414618311594
"Wave_1036",0.925960212302101
"Wave_1037",0.935790337390036
"Wave_1038",0.945384010765012
"Wave_1039",0.955217681655951
"Wave_1040",0.965051731098863
"Wave_1041",0.974769695659954
"Wave_1042",0.985038092780059
"Wave_1043",0.995402678865846
"Wave_1044",1.00698890795825
"Wave_1045",1.01777662291735
"Wave_1046",1.02857276807085
"Wave_1047",1.03893187771932
"Wave_1048",1.04748644525453
"Wave_1049",1.05669427126196
"Wave_1050",1.0665081480672
"Wave_1051",1.07564228016927
"Wave_1052",1.08353672092335
"Wave_1053",1.08980826137368
"Wave_1054",1.09444729810739
"Wave_1055",1.09853190279725
"Wave_1056",1.10127762076795
"Wave_1057",1.10275354925274
"Wave_1058",1.10481784220065
"Wave_1059",1.10592428819114
"Wave_1060",1.10446151388791
"Wave_1061",1.10254968433631
"Wave_1062",1.09879744154189
"Wave_1063",1.09337298451586
"Wave_1064",1.08841624634905
"Wave_1065",1.08033424631119
"Wave_1066",1.07095014701236
"Wave_1067",1.05929231201214
"Wave_1068",1.04902499077026
"Wave_1069",1.03737240564316
"Wave_1070",1.02759320731308
"Wave_1071",1.01944897170633
"Wave_1072",1.01079977015607
"Wave_1073",1.00066073411964
"Wave_1074",0.991056291641965
"Wave_1075",0.981636018693007
"Wave_1076",0.971663426947249
"Wave_1077",0.962830403500758
"Wave_1078",0.954288238050989
"Wave_1079",0.945766357176703
"Wave_1080",0.937174817179084
"Wave_1081",0.928710153923914
"Wave_1082",0.920507796926422
"Wave_1083",0.912710739898277
"Wave_1084",0.904607109406347
"Wave_1085",0.896740299744208
"Wave_1086",0.889737620487286
"Wave_1087",0.882901555830932
"Wave_1088",0.876576676982106
"Wave_1089",0.871406261767708
"Wave_1090",0.866902078262152
"Wave_1091",0.863303154089908
"Wave_1092",0.860750624364864
"Wave_1093",0.858776485734891
"Wave_1094",0.857359884724754
"Wave_1095",0.856460428341485
"Wave_1096",0.855995579213672
"Wave_1097",0.856004551500292
"Wave_1098",0.856735200829944
"Wave_1099",0.857901991949721
"Wave_1100",0.859294090393293
"Wave_1101",0.860851862247086
"Wave_1102",0.862589699457233
"Wave_1103",0.864662982347708
"Wave_1104",0.867188290107375
"Wave_1105",0.870048489924018
"Wave_1106",0.873115633795285
"Wave_1107",0.876046305975726
"Wave_1108",0.878570551655839
"Wave_1109",0.880842401513898
"Wave_1110",0.882596087647584
"Wave_1111",0.883529701469136
"Wave_1112",0.884462709685199
"Wave_1113",0.885704056277819
"Wave_1114",0.886894678630991
"Wave_1115",0.888685612030585
"Wave_1116",0.890240492230491
"Wave_1117",0.891603417944573
"Wave_1118",0.892372228418116
"Wave_1119",0.892275835463465
"Wave_1120",0.892341619292767
"Wave_1121",0.891753909744703
"Wave_1122",0.89073695396258
"Wave_1123",0.889832037113101
"Wave_1124",0.889058764171141
"Wave_1125",0.887759203035875
"Wave_1126",0.886448587504333
"Wave_1127",0.884567817406896
"Wave_1128",0.881775763765195
"Wave_1129",0.878437522023093
"Wave_1130",0.874637287474408
"Wave_1131",0.87043905839739
"Wave_1132",0.865536468340312
"Wave_1133",0.860234217519791
"Wave_1134",0.854373986719095
"Wave_1135",0.847907433904654
"Wave_1136",0.842019277324703
"Wave_1137",0.836113887425326
"Wave_1138",0.829563761307061
"Wave_1139",0.822686165146211
"Wave_1140",0.81578556101179
"Wave_1141",0.808416473300586
"Wave_1142",0.801096566892495
"Wave_1143",0.794515774581877
"Wave_1144",0.788241262801418
"Wave_1145",0.782415362491305
"Wave_1146",0.777218550671604
"Wave_1147",0.771985507007307
"Wave_1148",0.767040331174231
"Wave_1149",0.76227874989612
"Wave_1150",0.757263801228469
"Wave_1151",0.752605853071085
"Wave_1152",0.748194550771054
"Wave_1153",0.743660155418972
"Wave_1154",0.739152206011011
"Wave_1155",0.734839780022676
"Wave_1156",0.730347119668987
"Wave_1157",0.726250929630689
"Wave_1158",0.722440846367105
"Wave_1159",0.718643910505244
"Wave_1160",0.715149599202269
"Wave_1161",0.711952493571438
"Wave_1162",0.708789859839279
"Wave_1163",0.705708806918538
"Wave_1164",0.702813500386276
"Wave_1165",0.700006702346676
"Wave_1166",0.697323569455984
"Wave_1167",0.694748337799467
"Wave_1168",0.692551435779378
"Wave_1169",0.690515300807931
"Wave_1170",0.688622662991981
"Wave_1171",0.687112499413616
"Wave_1172",0.68548424051485
"Wave_1173",0.683761115340969
"Wave_1174",0.682229759034404
"Wave_1175",0.680995016406416
"Wave_1176",0.679660029720195
"Wave_1177",0.678379560327429
"Wave_1178",0.677109079696244
"Wave_1179",0.675299699695704
"Wave_1180",0.673536302626111
"Wave_1181",0.672116327586372
"Wave_1182",0.67073801997769
"Wave_1183",0.669595075488417
"Wave_1184",0.668790080201457
"Wave_1185",0.667965991135494
"Wave_1186",0.667058228043352
"Wave_1187",0.666517782108664
"Wave_1188",0.666133082600625
"Wave_1189",0.665923620536038
"Wave_1190",0.665965920141507
"Wave_1191",0.666136979929871
"Wave_1192",0.666316086186254
"Wave_1193",0.666621704733799
"Wave_1194",0.667152437376273
"Wave_1195",0.667784616940927
"Wave_1196",0.668471101748494
"Wave_1197",0.669217214588614
"Wave_1198",0.669745749022078
"Wave_1199",0.670050175366928
"Wave_1200",0.670536320034323
"Wave_1201",0.670976658018848
"Wave_1202",0.67143474928826
"Wave_1203",0.671977267987609
"Wave_1204",0.672540198201046
"Wave_1205",0.673061158262346
"Wave_1206",0.673646697197575
"Wave_1207",0.674339001481246
"Wave_1208",0.675099494272371
"Wave_1209",0.675863157576726
"Wave_1210",0.676720224134614
"Wave_1211",0.677606469740204
"Wave_1212",0.678397786013409
"Wave_1213",0.679002111866351
"Wave_1214",0.679407665406721
"Wave_1215",0.679831727056858
"Wave_1216",0.679986660658891
"Wave_1217",0.680466542994911
"Wave_1218",0.681101620801447
"Wave_1219",0.681694606305464
"Wave_1220",0.682417189700249
"Wave_1221",0.683092147620904
"Wave_1222",0.683568197985138
"Wave_1223",0.684331024858016
"Wave_1224",0.685386986428798
"Wave_1225",0.686435790084498
"Wave_1226",0.687200810043028
"Wave_1227",0.687967805846637
"Wave_1228",0.688617250065706
"Wave_1229",0.689227999002863
"Wave_1230",0.6902179144085
"Wave_1231",0.691699898206692
"Wave_1232",0.692979760538133
"Wave_1233",0.69431874106904
"Wave_1234",0.695711805227237
"Wave_1235",0.697161162549406
"Wave_1236",0.698667667738433
"Wave_1237",0.700302415005041
"Wave_1238",0.70192676132382
"Wave_1239",0.703576244405756
"Wave_1240",0.705298656181997
"Wave_1241",0.707155671612958
"Wave_1242",0.708922135037494
"Wave_1243",0.710580988687452
"Wave_1244",0.712401572127717
"Wave_1245",0.714198821127288
"Wave_1246",0.715949539285283
"Wave_1247",0.717998141830788
"Wave_1248",0.720191120387184
"Wave_1249",0.722617370794872
"Wave_1250",0.72549966407964
"Wave_1251",0.728125275955523
"Wave_1252",0.730775630763511
"Wave_1253",0.733524225316292
"Wave_1254",0.736277846141366
"Wave_1255",0.738873211123022
"Wave_1256",0.741846714720216
"Wave_1257",0.744116780458777
"Wave_1258",0.74588206607575
"Wave_1259",0.747370098842709
"Wave_1260",0.748467189741194
"Wave_1261",0.749142318596886
"Wave_1262",0.7495690417929
"Wave_1263",0.749757697505518
"Wave_1264",0.749230022240584
"Wave_1265",0.74828159967852
"Wave_1266",0.746604042184692
"Wave_1267",0.744374757411324
"Wave_1268",0.741608550005264
"Wave_1269",0.738346692388397
"Wave_1270",0.735031413355414
"Wave_1271",0.731248532197393
"Wave_1272",0.728105090111461
"Wave_1273",0.725118005668301
"Wave_1274",0.722512889289151
"Wave_1275",0.720326951497166
"Wave_1276",0.718442563782647
"Wave_1277",0.716689506594339
"Wave_1278",0.715443665553561
"Wave_1279",0.714353639290264
"Wave_1280",0.713705575203655
"Wave_1281",0.713408447004109
"Wave_1282",0.713325688613348
"Wave_1283",0.713082709277177
"Wave_1284",0.712876182981292
"Wave_1285",0.712390305346731
"Wave_1286",0.711544446430713
"Wave_1287",0.710723480713107
"Wave_1288",0.709719381712068
"Wave_1289",0.708604230848642
"Wave_1290",0.707430654796785
"Wave_1291",0.706125259682127
"Wave_1292",0.704740627766996
"Wave_1293",0.703435619142897
"Wave_1294",0.702229669712708
"Wave_1295",0.701369903067095
"Wave_1296",0.701070961623871
"Wave_1297",0.701271612201171
"Wave_1298",0.702423473870729
"Wave_1299",0.704234990996551
"Wave_1300",0.706871710927314
"Wave_1301",0.710259596834093
"Wave_1302",0.714812531203869
"Wave_1303",0.720628505071472
"Wave_1304",0.726855523591451
"Wave_1305",0.734021707984138
"Wave_1306",0.742067853491639
"Wave_1307",0.750674695587197
"Wave_1308",0.760055224242489
"Wave_1309",0.770640312875259
"Wave_1310",0.781396194596123
"Wave_1311",0.7920784772867
"Wave_1312",0.803740542940385
"Wave_1313",0.816545235029051
"Wave_1314",0.828849758480017
"Wave_1315",0.842073463352914
"Wave_1316",0.853855723833914
"Wave_1317",0.86436760212955
"Wave_1318",0.874792586421213
"Wave_1319",0.88451279925709
"Wave_1320",0.893483141172968
"Wave_1321",0.902041929923594
"Wave_1322",0.909796126222763
"Wave_1323",0.916699879036209
"Wave_1324",0.922444503676444
"Wave_1325",0.927649324152026
"Wave_1326",0.932320788032086
"Wave_1327",0.935870986136405
"Wave_1328",0.938928102459323
"Wave_1329",0.93995759046811
"Wave_1330",0.939025274477616
"Wave_1331",0.938404230014751
"Wave_1332",0.936162194392315
"Wave_1333",0.934393559264958
"Wave_1334",0.933293061342939
"Wave_1335",0.931085224358499
"Wave_1336",0.927969622647054
"Wave_1337",0.9248571129881
"Wave_1338",0.92180246564603
"Wave_1339",0.917758146746859
"Wave_1340",0.913352424668934
"Wave_1341",0.908281410032585
"Wave_1342",0.902202191666
"Wave_1343",0.895569711670711
"Wave_1344",0.889464958168409
"Wave_1345",0.882908936935434
"Wave_1346",0.877349955736834
"Wave_1347",0.872643843214501
"Wave_1348",0.866931674168216
"Wave_1349",0.861609677793486
"Wave_1350",0.855248591145378
"Wave_1351",0.848008581421576
"Wave_1352",0.840823526963659
"Wave_1353",0.833534080670622
"Wave_1354",0.825733891084186
"Wave_1355",0.817963444744166
"Wave_1356",0.809384378035523
"Wave_1357",0.800212027652739
"Wave_1358",0.791159395012327
"Wave_1359",0.781959113065028
"Wave_1360",0.772880381028606
"Wave_1361",0.763772837117061
"Wave_1362",0.75556472494016
"Wave_1363",0.748295395098876
"Wave_1364",0.741203348997137
"Wave_1365",0.734899448526944
"Wave_1366",0.730089887966964
"Wave_1367",0.725392347365478
"Wave_1368",0.721524179864448
"Wave_1369",0.71987089314379
"Wave_1370",0.720213657825162
"Wave_1371",0.722539982302278
"Wave_1372",0.727653114178254
"Wave_1373",0.735166667147255
"Wave_1374",0.745811665578867
"Wave_1375",0.759327517356971
"Wave_1376",0.776283372062994
"Wave_1377",0.796167119731032
"Wave_1378",0.819423101021487
"Wave_1379",0.845037907989538
"Wave_1380",0.873873899616556
"Wave_1381",0.904761346764447
"Wave_1382",0.938877024241492
"Wave_1383",0.972800027321321
"Wave_1384",1.0089912715111
"Wave_1385",1.04401249936102
"Wave_1386",1.07832663788851
"Wave_1387",1.11117383636055
"Wave_1388",1.14378149051899
"Wave_1389",1.17354185617469
"Wave_1390",1.20086671348786
"Wave_1391",1.22625212259963
"Wave_1392",1.24715934856489
"Wave_1393",1.26499537541315
"Wave_1394",1.27876905468435
"Wave_1395",1.28849698908865
"Wave_1396",1.29464077029921
"Wave_1397",1.29723920493533
"Wave_1398",1.29587318164162
"Wave_1399",1.28987370624799
"Wave_1400",1.28157923323148
"Wave_1401",1.26894273639531
"Wave_1402",1.25528542989517
"Wave_1403",1.23807867036552
"Wave_1404",1.22105944188284
"Wave_1405",1.2019188794502
"Wave_1406",1.18326961796956
"Wave_1407",1.16385216834101
"Wave_1408",1.14479675642829
"Wave_1409",1.12508642469194
"Wave_1410",1.10647296334732
"Wave_1411",1.08776799499145
"Wave_1412",1.07040508051996
"Wave_1413",1.05355301344096
"Wave_1414",1.03830396445609
"Wave_1415",1.02431953916733
"Wave_1416",1.01135366363273
"Wave_1417",1.00004064875608
"Wave_1418",0.990278428789808
"Wave_1419",0.981512580396664
"Wave_1420",0.973784101125701
"Wave_1421",0.967796322186741
"Wave_1422",0.963053840350116
"Wave_1423",0.959889524554304
"Wave_1424",0.958732556782611
"Wave_1425",0.957968984373432
"Wave_1426",0.958394899056533
"Wave_1427",0.959568240464342
"Wave_1428",0.961795256555624
"Wave_1429",0.964355073104914
"Wave_1430",0.967563836065235
"Wave_1431",0.97158473733308
"Wave_1432",0.976283425061137
"Wave_1433",0.981394557106787
"Wave_1434",0.987488983783134
"Wave_1435",0.993712947715317
"Wave_1436",1.00028448267524
"Wave_1437",1.00699696626631
"Wave_1438",1.01393479740884
"Wave_1439",1.02129017634225
"Wave_1440",1.02906934439137
"Wave_1441",1.03677769104933
"Wave_1442",1.04479406775838
"Wave_1443",1.05301492719574
"Wave_1444",1.06091550952417
"Wave_1445",1.0687513483522
"Wave_1446",1.07608320700019
"Wave_1447",1.0832980354994
"Wave_1448",1.09008746724298
"Wave_1449",1.09638681690392
"Wave_1450",1.10246148563256
"Wave_1451",1.10833469550038
"Wave_1452",1.11384173749982
"Wave_1453",1.11893583018235
"Wave_1454",1.12378177660742
"Wave_1455",1.1283821263119
"Wave_1456",1.13266896898342
"Wave_1457",1.13673875788182
"Wave_1458",1.14027266997832
"Wave_1459",1.14310895721167
"Wave_1460",1.14627113818022
"Wave_1461",1.14883490626371
"Wave_1462",1.15202897233176
"Wave_1463",1.15582984369164
"Wave_1464",1.15939367170891
"Wave_1465",1.16302264094655
"Wave_1466",1.16672989340843
"Wave_1467",1.17029171731093
"Wave_1468",1.17414374735038
"Wave_1469",1.1782123114774
"Wave_1470",1.18241261887521
"Wave_1471",1.18679676257509
"Wave_1472",1.19131071108226
"Wave_1473",1.19600711487196
"Wave_1474",1.20092995044742
"Wave_1475",1.20536025803412
"Wave_1476",1.20971750792206
"Wave_1477",1.214011409564
"Wave_1478",1.21808821515747
"Wave_1479",1.2219193398059
"Wave_1480",1.22580759875709
"Wave_1481",1.22927816695781
"Wave_1482",1.23224914433953
"Wave_1483",1.23526523817667
"Wave_1484",1.23848613575118
"Wave_1485",1.24079696606754
"Wave_1486",1.2424489016013
"Wave_1487",1.2442404035004
"Wave_1488",1.24569710565324
"Wave_1489",1.24683422577465
"Wave_1490",1.24819894822012
"Wave_1491",1.24865040320076
"Wave_1492",1.24811635593947
"Wave_1493",1.2477622339183
"Wave_1494",1.24701658639406
"Wave_1495",1.2462615503002
"Wave_1496",1.24549308335775
"Wave_1497",1.24447938866917
"Wave_1498",1.24358602310831
"Wave_1499",1.24194237624709
"Wave_1500",1.23994078164743
"Wave_1501",1.23748340926776
"Wave_1502",1.2340896267868
"Wave_1503",1.23088434490978
"Wave_1504",1.22782557915044
"Wave_1505",1.22410799310909
"Wave_1506",1.22033948643474
"Wave_1507",1.21586559206603
"Wave_1508",1.21065875356709
"Wave_1509",1.20502524555688
"Wave_1510",1.19890210207654
"Wave_1511",1.19214696488734
"Wave_1512",1.18544614700008
"Wave_1513",1.17855322307528
"Wave_1514",1.1708558974498
"Wave_1515",1.16289500861563
"Wave_1516",1.15433184306366
"Wave_1517",1.1449334814076
"Wave_1518",1.13537033467715
"Wave_1519",1.12536421999381
"Wave_1520",1.11546433898378
"Wave_1521",1.10536104284989
"Wave_1522",1.09479810841854
"Wave_1523",1.08413403461473
"Wave_1524",1.07322653888582
"Wave_1525",1.06176663727804
"Wave_1526",1.0502851621516
"Wave_1527",1.03886755256079
"Wave_1528",1.02715181944328
"Wave_1529",1.01516403559662
"Wave_1530",1.00291024844872
"Wave_1531",0.99048139394332
"Wave_1532",0.977939049435089
"Wave_1533",0.96525254840658
"Wave_1534",0.952183805866736
"Wave_1535",0.938902822464858
"Wave_1536",0.925564318796334
"Wave_1537",0.911799909951603
"Wave_1538",0.898201904964097
"Wave_1539",0.884535543087029
"Wave_1540",0.871242948104854
"Wave_1541",0.858041150782562
"Wave_1542",0.845075622827717
"Wave_1543",0.832314975660752
"Wave_1544",0.820030193198742
"Wave_1545",0.808229224529162
"Wave_1546",0.796387392640158
"Wave_1547",0.784816185393348
"Wave_1548",0.77353604205246
"Wave_1549",0.762374003786808
"Wave_1550",0.751412679433547
"Wave_1551",0.740713293986501
"Wave_1552",0.730473058827647
"Wave_1553",0.720467720151513
"Wave_1554",0.710780189710819
"Wave_1555",0.701685026560723
"Wave_1556",0.693165603171163
"Wave_1557",0.684913823326489
"Wave_1558",0.677041498272699
"Wave_1559",0.669451524465295
"Wave_1560",0.662235572055527
"Wave_1561",0.655331374689292
"Wave_1562",0.648758744381691
"Wave_1563",0.642523770671556
"Wave_1564",0.636569152391972
"Wave_1565",0.631173313438136
"Wave_1566",0.626126192261032
"Wave_1567",0.621575349379735
"Wave_1568",0.617528294056381
"Wave_1569",0.613862201083789
"Wave_1570",0.610516120596243
"Wave_1571",0.607579980200784
"Wave_1572",0.605009534489446
"Wave_1573",0.602682303394052
"Wave_1574",0.600548907078396
"Wave_1575",0.598723149743682
"Wave_1576",0.597123882360131
"Wave_1577",0.59563603278244
"Wave_1578",0.59431925190821
"Wave_1579",0.593067995220501
"Wave_1580",0.59176165530284
"Wave_1581",0.590618191770234
"Wave_1582",0.589559718001891
"Wave_1583",0.588626805555443
"Wave_1584",0.587825882185997
"Wave_1585",0.586988045924026
"Wave_1586",0.586220255380623
"Wave_1587",0.585416421318558
"Wave_1588",0.584461993234282
"Wave_1589",0.583603380471379
"Wave_1590",0.582871292057073
"Wave_1591",0.581933676498371
"Wave_1592",0.580788931725443
"Wave_1593",0.579755842607685
"Wave_1594",0.578655500823786
"Wave_1595",0.57752461360168
"Wave_1596",0.576519146429626
"Wave_1597",0.575348835022896
"Wave_1598",0.573877523629212
"Wave_1599",0.572605915905439
"Wave_1600",0.571435655002504
"Wave_1601",0.570167768299648
"Wave_1602",0.569208630600978
"Wave_1603",0.567745072441472
"Wave_1604",0.565812180716106
"Wave_1605",0.564008694708166
"Wave_1606",0.561924295166395
"Wave_1607",0.559959022805717
"Wave_1608",0.558225343919578
"Wave_1609",0.556297080557593
"Wave_1610",0.554146859872868
"Wave_1611",0.552162185077357
"Wave_1612",0.550174329698028
"Wave_1613",0.548263304369457
"Wave_1614",0.546447303151675
"Wave_1615",0.544766690009049
"Wave_1616",0.542976704823256
"Wave_1617",0.541190971826838
"Wave_1618",0.539399424931261
"Wave_1619",0.537552616642188
"Wave_1620",0.535937474694505
"Wave_1621",0.534439100594535
"Wave_1622",0.533015867483742
"Wave_1623",0.531680614167589
"Wave_1624",0.530189229568226
"Wave_1625",0.528611694466639
"Wave_1626",0.52703638788137
"Wave_1627",0.525444837092874
"Wave_1628",0.523884955895066
"Wave_1629",0.522512523274301
"Wave_1630",0.521211898316854
"Wave_1631",0.519980772108369
"Wave_1632",0.518852664905241
"Wave_1633",0.517854777119993
"Wave_1634",0.516806121834872
"Wave_1635",0.515850548121037
"Wave_1636",0.514809145689022
"Wave_1637",0.513715989712622
"Wave_1638",0.512692561604683
"Wave_1639",0.511739898008317
"Wave_1640",0.510727949435975
"Wave_1641",0.509731454630516
"Wave_1642",0.508782085059559
"Wave_1643",0.507787729452256
"Wave_1644",0.506845217471308
"Wave_1645",0.505967117615872
"Wave_1646",0.505127607026037
"Wave_1647",0.504265229644832
"Wave_1648",0.503533636617232
"Wave_1649",0.502877884167719
"Wave_1650",0.50214591775855
"Wave_1651",0.501448580053861
"Wave_1652",0.500644153293634
"Wave_1653",0.499754288907928
"Wave_1654",0.498859564551293
"Wave_1655",0.497950728396424
"Wave_1656",0.496939973344575
"Wave_1657",0.49584875208661
"Wave_1658",0.494751404453598
"Wave_1659",0.49352381376822
"Wave_1660",0.492447316691566
"Wave_1661",0.491458012345033
"Wave_1662",0.490398617264344
"Wave_1663",0.489415262531331
"Wave_1664",0.48827664571043
"Wave_1665",0.487044242690027
"Wave_1666",0.485784049333198
"Wave_1667",0.484441155707817
"Wave_1668",0.483103784022761
"Wave_1669",0.481806275581792
"Wave_1670",0.480370335069638
"Wave_1671",0.478944373683594
"Wave_1672",0.477411593478836
"Wave_1673",0.47570385942143
"Wave_1674",0.474142307430107
"Wave_1675",0.472626159653023
"Wave_1676",0.471194591550855
"Wave_1677",0.469907788347316
"Wave_1678",0.468758325810379
"Wave_1679",0.467832565827751
"Wave_1680",0.466909072443868
"Wave_1681",0.46603159290089
"Wave_1682",0.465621213006963
"Wave_1683",0.465527251276754
"Wave_1684",0.465740350312952
"Wave_1685",0.466699629015908
"Wave_1686",0.467426710736651
"Wave_1687",0.46800003366217
"Wave_1688",0.469002737569175
"Wave_1689",0.469983126546352
"Wave_1690",0.471443798666694
"Wave_1691",0.473486350366991
"Wave_1692",0.474990867485125
"Wave_1693",0.476491149184156
"Wave_1694",0.477687775413051
"Wave_1695",0.478275006501252
"Wave_1696",0.479035711690939
"Wave_1697",0.479702796195242
"Wave_1698",0.480299952243959
"Wave_1699",0.480903126439683
"Wave_1700",0.48106042964422
"Wave_1701",0.480987320545149
"Wave_1702",0.480611542691473
"Wave_1703",0.479793511237911
"Wave_1704",0.479017783081049
"Wave_1705",0.47819156932864
"Wave_1706",0.477124768294512
"Wave_1707",0.475837754346134
"Wave_1708",0.474457165535909
"Wave_1709",0.472809538475133
"Wave_1710",0.471485950768432
"Wave_1711",0.470084942951038
"Wave_1712",0.469344612583177
"Wave_1713",0.468852940611153
"Wave_1714",0.468756426819573
"Wave_1715",0.468917107018548
"Wave_1716",0.469687116021151
"Wave_1717",0.470796610406267
"Wave_1718",0.472592764383356
"Wave_1719",0.475372026112419
"Wave_1720",0.477800413660834
"Wave_1721",0.480597787064945
"Wave_1722",0.483325028866867
"Wave_1723",0.485791214659497
"Wave_1724",0.488898241103859
"Wave_1725",0.492782983424959
"Wave_1726",0.495902453738463
"Wave_1727",0.499237990911841
"Wave_1728",0.501748694894503
"Wave_1729",0.503482550018428
"Wave_1730",0.505008178522477
"Wave_1731",0.506309888166272
"Wave_1732",0.507196756716268
"Wave_1733",0.507701016860886
"Wave_1734",0.507877611787615
"Wave_1735",0.507733251590835
"Wave_1736",0.507706630508088
"Wave_1737",0.507807287621156
"Wave_1738",0.508207374490908
"Wave_1739",0.509105693861235
"Wave_1740",0.510320815476341
"Wave_1741",0.511854869953833
"Wave_1742",0.513630164111803
"Wave_1743",0.515777028167879
"Wave_1744",0.518456087351967
"Wave_1745",0.521549186360591
"Wave_1746",0.525046707402001
"Wave_1747",0.528943640088283
"Wave_1748",0.533138606388954
"Wave_1749",0.537540032550057
"Wave_1750",0.542105447777683
"Wave_1751",0.546834011313107
"Wave_1752",0.551714607966241
"Wave_1753",0.556833261694734
"Wave_1754",0.562101866162863
"Wave_1755",0.567470163174312
"Wave_1756",0.573083591380319
"Wave_1757",0.578618460155986
"Wave_1758",0.583963640896665
"Wave_1759",0.589573225364835
"Wave_1760",0.595394207939406
"Wave_1761",0.601229051161051
"Wave_1762",0.607350333136988
"Wave_1763",0.613523285807451
"Wave_1764",0.619486862224322
"Wave_1765",0.625742928730356
"Wave_1766",0.632368424816772
"Wave_1767",0.639101982014362
"Wave_1768",0.646162128455345
"Wave_1769",0.653564209126495
"Wave_1770",0.66114655974033
"Wave_1771",0.668881857960779
"Wave_1772",0.676776543722841
"Wave_1773",0.684260731556686
"Wave_1774",0.691292694130345
"Wave_1775",0.698442787582274
"Wave_1776",0.704878192310291
"Wave_1777",0.71106815104183
"Wave_1778",0.717561019693843
"Wave_1779",0.723299047152474
"Wave_1780",0.728614329216814
"Wave_1781",0.734121139074934
"Wave_1782",0.739792455984867
"Wave_1783",0.745734364060867
"Wave_1784",0.752455912405298
"Wave_1785",0.7578883663086
"Wave_1786",0.761686207287894
"Wave_1787",0.766471515776921
"Wave_1788",0.771246550866025
"Wave_1789",0.776157880011684
"Wave_1790",0.781800567196662
"Wave_1791",0.786643376434623
"Wave_1792",0.790906418676254
"Wave_1793",0.795396847093914
"Wave_1794",0.799441912049384
"Wave_1795",0.804143465694957
"Wave_1796",0.809299243241803
"Wave_1797",0.814468006687335
"Wave_1798",0.820101677920161
"Wave_1799",0.825384751478104
"Wave_1800",0.830136939504757
"Wave_1801",0.942481683911513
"Wave_1802",0.94631843994248
"Wave_1803",0.950132057138842
"Wave_1804",0.954357275124437
"Wave_1805",0.958198171676871
"Wave_1806",0.961935598126238
"Wave_1807",0.965554302390178
"Wave_1808",0.969120276147532
"Wave_1809",0.972313882806091
"Wave_1810",0.97588807104006
"Wave_1811",0.979912896033896
"Wave_1812",0.983361008252751
"Wave_1813",0.986616089925262
"Wave_1814",0.989974682442662
"Wave_1815",0.99276278674775
"Wave_1816",0.996003914620392
"Wave_1817",0.999314262838594
"Wave_1818",1.00334578188224
"Wave_1819",1.0071167327386
"Wave_1820",1.01091930390799
"Wave_1821",1.01490343035099
"Wave_1822",1.01926637718547
"Wave_1823",1.02319669865703
"Wave_1824",1.0270406461834
"Wave_1825",1.0309211441741
"Wave_1826",1.03455126208286
"Wave_1827",1.03804414253022
"Wave_1828",1.04226554133695
"Wave_1829",1.04675685517006
"Wave_1830",1.05152301223254
"Wave_1831",1.05692074493033
"Wave_1832",1.06200268948666
"Wave_1833",1.06667782089331
"Wave_1834",1.07223509285088
"Wave_1835",1.07829242348827
"Wave_1836",1.08429432801232
"Wave_1837",1.0905390518611
"Wave_1838",1.09735222734041
"Wave_1839",1.10409826151928
"Wave_1840",1.1110037520226
"Wave_1841",1.11747580533935
"Wave_1842",1.1243504688358
"Wave_1843",1.13050534343151
"Wave_1844",1.13560036274208
"Wave_1845",1.14126060220326
"Wave_1846",1.14686710935633
"Wave_1847",1.15254495041331
"Wave_1848",1.1582862267042
"Wave_1849",1.16454956701129
"Wave_1850",1.16972777470272
"Wave_1851",1.1747583338444
"Wave_1852",1.17910812595742
"Wave_1853",1.18315112519207
"Wave_1854",1.18609982866557
"Wave_1855",1.18873183706796
"Wave_1856",1.19013123509881
"Wave_1857",1.19032823080077
"Wave_1858",1.19007764062776
"Wave_1859",1.18823179823141
"Wave_1860",1.18588970207817
"Wave_1861",1.18112671440812
"Wave_1862",1.17536345738054
"Wave_1863",1.16689384017303
"Wave_1864",1.15647422220399
"Wave_1865",1.14408880888443
"Wave_1866",1.12996728926813
"Wave_1867",1.11342383634622
"Wave_1868",1.09480713198448
"Wave_1869",1.0749857810125
"Wave_1870",1.05118830337446
"Wave_1871",1.0251241285718
"Wave_1872",0.996027772166173
"Wave_1873",0.965328411413373
"Wave_1874",0.929791666153
"Wave_1875",0.891168508659251
"Wave_1876",0.849916884060606
"Wave_1877",0.805200756937874
"Wave_1878",0.758809194927985
"Wave_1879",0.711719710076294
"Wave_1880",0.663510917223631
"Wave_1881",0.616905998408668
"Wave_1882",0.570562107296178
"Wave_1883",0.527862483504718
"Wave_1884",0.488606210143972
"Wave_1885",0.455626613660034
"Wave_1886",0.429618240022965
"Wave_1887",0.412825862925624
"Wave_1888",0.406217261221962
"Wave_1889",0.410829598227185
"Wave_1890",0.425546372625962
"Wave_1891",0.449637791322449
"Wave_1892",0.479044424277182
"Wave_1893",0.512190922886469
"Wave_1894",0.547682469463529
"Wave_1895",0.583954885172189
"Wave_1896",0.621023030047315
"Wave_1897",0.657489874285317
"Wave_1898",0.693391488637367
"Wave_1899",0.72830742055905
"Wave_1900",0.762042505419677
"Wave_1901",0.794131113246292
"Wave_1902",0.824208204124343
"Wave_1903",0.852283151025619
"Wave_1904",0.878052831421759
"Wave_1905",0.902315011180972
"Wave_1906",0.924078523833921
"Wave_1907",0.944181018298014
"Wave_1908",0.962111131284711
"Wave_1909",0.978755853173713
"Wave_1910",0.993460884386881
"Wave_1911",1.00624774780483
"Wave_1912",1.01781082337644
"Wave_1913",1.02817751411843
"Wave_1914",1.03730120961364
"Wave_1915",1.04471261353292
"Wave_1916",1.05129841970042
"Wave_1917",1.05678977945223
"Wave_1918",1.06134024185776
"Wave_1919",1.06438721162825
"Wave_1920",1.06703724262571
"Wave_1921",1.06889406850186
"Wave_1922",1.07002450845773
"Wave_1923",1.07063071310623
"Wave_1924",1.07048390867489
"Wave_1925",1.06969626702312
"Wave_1926",1.06836966167382
"Wave_1927",1.06606433967385
"Wave_1928",1.06271691237222
"Wave_1929",1.05922280464114
"Wave_1930",1.05496048028852
"Wave_1931",1.05042605319325
"Wave_1932",1.04575752129844
"Wave_1933",1.04038681827352
"Wave_1934",1.03411064606552
"Wave_1935",1.02780610441094
"Wave_1936",1.02114476555492
"Wave_1937",1.01395487617078
"Wave_1938",1.00663700690183
"Wave_1939",0.999206844150845
"Wave_1940",0.991249881567229
"Wave_1941",0.982902485074102
"Wave_1942",0.97432659196537
"Wave_1943",0.96532192513475
"Wave_1944",0.956172291949437
"Wave_1945",0.946998500473334
"Wave_1946",0.937538787022842
"Wave_1947",0.927917113068866
"Wave_1948",0.918156544134357
"Wave_1949",0.908371344057068
"Wave_1950",0.898562079459898
"Wave_1951",0.888440409082418
"Wave_1952",0.878219277948461
"Wave_1953",0.86778948076353
"Wave_1954",0.857008434832031
"Wave_1955",0.846076569770988
"Wave_1956",0.835611324553089
"Wave_1957",0.825040176176581
"Wave_1958",0.814083162932966
"Wave_1959",0.802913244577173
"Wave_1960",0.791481544904516
"Wave_1961",0.779512214983758
"Wave_1962",0.767675700817721
"Wave_1963",0.755658180830542
"Wave_1964",0.743827338001891
"Wave_1965",0.731980293960141
"Wave_1966",0.720100382875815
"Wave_1967",0.708310560834189
"Wave_1968",0.696826905343222
"Wave_1969",0.685492747745232
"Wave_1970",0.673977833278125
"Wave_1971",0.662623666237543
"Wave_1972",0.651207215154108
"Wave_1973",0.639665724915335
"Wave_1974",0.627852665974607
"Wave_1975",0.616480265255355
"Wave_1976",0.605172545508765
"Wave_1977",0.59415262760549
"Wave_1978",0.583533042982537
"Wave_1979",0.572768505260138
"Wave_1980",0.5622906021856
"Wave_1981",0.552162292149909
"Wave_1982",0.542219645430818
"Wave_1983",0.532598248248903
"Wave_1984",0.523035219452797
"Wave_1985",0.513716578528921
"Wave_1986",0.504856106508259
"Wave_1987",0.496269751696212
"Wave_1988",0.488208597107464
"Wave_1989",0.480673156656588
"Wave_1990",0.473605031167113
"Wave_1991",0.466997631700624
"Wave_1992",0.460888570555524
"Wave_1993",0.455261132197569
"Wave_1994",0.45026943244236
"Wave_1995",0.445967062021605
"Wave_1996",0.442228625309128
"Wave_1997",0.439051491278513
"Wave_1998",0.436444154631923
"Wave_1999",0.434394845438286
"Wave_2000",0.43295509167423
"Wave_2001",0.432083710858823
"Wave_2002",0.431758465121571
"Wave_2003",0.431975151377174
"Wave_2004",0.432710065863246
"Wave_2005",0.434042703571675
"Wave_2006",0.43563648307643
"Wave_2007",0.437573765659664
"Wave_2008",0.44010253335923
"Wave_2009",0.442971390370245
"Wave_2010",0.446221289848905
"Wave_2011",0.449709585507094
"Wave_2012",0.453298706308523
"Wave_2013",0.456895814142222
"Wave_2014",0.460663646718973
"Wave_2015",0.464408176498254
"Wave_2016",0.468443532392662
"Wave_2017",0.47254885902301
"Wave_2018",0.476696915976226
"Wave_2019",0.480888211432098
"Wave_2020",0.484670770600619
"Wave_2021",0.488249224584167
"Wave_2022",0.491887861960124
"Wave_2023",0.495184340729761
"Wave_2024",0.498259523471233
"Wave_2025",0.501189191503277
"Wave_2026",0.503937339841131
"Wave_2027",0.506269943939238
"Wave_2028",0.508157088451726
"Wave_2029",0.51022907091206
"Wave_2030",0.51197873214812
"Wave_2031",0.513355158186798
"Wave_2032",0.514796797928206
"Wave_2033",0.515664386499718
"Wave_2034",0.516229698815581
"Wave_2035",0.516709616143713
"Wave_2036",0.516748407021418
"Wave_2037",0.516785979571983
"Wave_2038",0.516513948728542
"Wave_2039",0.515727583692998
"Wave_2040",0.514721463633256
"Wave_2041",0.513275678310111
"Wave_2042",0.51195151956222
"Wave_2043",0.510434867100243
"Wave_2044",0.50897148684889
"Wave_2045",0.507682181457754
"Wave_2046",0.506114519944762
"Wave_2047",0.504315678133697
"Wave_2048",0.502416190244214
"Wave_2049",0.500421144227007
"Wave_2050",0.498651193373884
"Wave_2051",0.497147320218867
"Wave_2052",0.495974368666609
"Wave_2053",0.49491089633122
"Wave_2054",0.494070505609179
"Wave_2055",0.49336766574227
"Wave_2056",0.492843563027379
"Wave_2057",0.492416788443297
"Wave_2058",0.49223290341907
"Wave_2059",0.492240573898518
"Wave_2060",0.492474168771587
"Wave_2061",0.492923263335084
"Wave_2062",0.493501797403266
"Wave_2063",0.494248950856065
"Wave_2064",0.495184553190889
"Wave_2065",0.496276086465384
"Wave_2066",0.49758268935553
"Wave_2067",0.499113906613216
"Wave_2068",0.500822329011619
"Wave_2069",0.50272611344389
"Wave_2070",0.504821237410076
"Wave_2071",0.507152932012366
"Wave_2072",0.509660193323234
"Wave_2073",0.512309958539507
"Wave_2074",0.515167150640187
"Wave_2075",0.518162993699405
"Wave_2076",0.521371433162017
"Wave_2077",0.524834114226024
"Wave_2078",0.528573371182961
"Wave_2079",0.532587647138382
"Wave_2080",0.536648728852497
"Wave_2081",0.540904702291645
"Wave_2082",0.545425788550788
"Wave_2083",0.550103907335241
"Wave_2084",0.554873584985142
"Wave_2085",0.559922164191989
"Wave_2086",0.565312493830274
"Wave_2087",0.570603415283303
"Wave_2088",0.576124262103043
"Wave_2089",0.581706716381333
"Wave_2090",0.587138252678937
"Wave_2091",0.593067069771079
"Wave_2092",0.599143705165795
"Wave_2093",0.604753574165194
"Wave_2094",0.61041719853704
"Wave_2095",0.616345588202555
"Wave_2096",0.622146801538817
"Wave_2097",0.627759433890017
"Wave_2098",0.633340295585466
"Wave_2099",0.638803172441103
"Wave_2100",0.64417208563686
"Wave_2101",0.649168954040447
"Wave_2102",0.65451137484414
"Wave_2103",0.660218824375147
"Wave_2104",0.665600484234182
"Wave_2105",0.67099414418954
"Wave_2106",0.676190155131533
"Wave_2107",0.680813317637991
"Wave_2108",0.685424471542262
"Wave_2109",0.689864551997542
"Wave_2110",0.693984053639927
"Wave_2111",0.698259566618453
"Wave_2112",0.702479989118754
"Wave_2113",0.706221580000873
"Wave_2114",0.709740616755658
"Wave_2115",0.713038120634775
"Wave_2116",0.715759451427418
"Wave_2117",0.718421083343849
"Wave_2118",0.720817620004841
"Wave_2119",0.723346298688417
"Wave_2120",0.725619208049192
"Wave_2121",0.727924046718158
"Wave_2122",0.730177802888381
"Wave_2123",0.732433371556979
"Wave_2124",0.734507593456435
"Wave_2125",0.736131034803556
"Wave_2126",0.738060776856975
"Wave_2127",0.73982878577213
"Wave_2128",0.741310329886449
"Wave_2129",0.74333008012492
"Wave_2130",0.745136115932028
"Wave_2131",0.746484113405351
"Wave_2132",0.748205726787926
"Wave_2133",0.749977781635467
"Wave_2134",0.751609794842808
"Wave_2135",0.753045984764732
"Wave_2136",0.754904058097545
"Wave_2137",0.756859436592179
"Wave_2138",0.758632840546337
"Wave_2139",0.760826303067637
"Wave_2140",0.76285960806932
"Wave_2141",0.764242393043476
"Wave_2142",0.765625847615848
"Wave_2143",0.767231391880956
"Wave_2144",0.768803519915468
"Wave_2145",0.770481666185068
"Wave_2146",0.772003678536927
"Wave_2147",0.773081045665968
"Wave_2148",0.774019074728511
"Wave_2149",0.774800918512275
"Wave_2150",0.776127240459915
"Wave_2151",0.777551320189616
"Wave_2152",0.778758063094323
"Wave_2153",0.780389523748233
"Wave_2154",0.782642128805214
"Wave_2155",0.784239479499429
"Wave_2156",0.785371339265466
"Wave_2157",0.787276054078834
"Wave_2158",0.788765641438687
"Wave_2159",0.790089086090452
"Wave_2160",0.791866220688438
"Wave_2161",0.793261731273258
"Wave_2162",0.79405925739049
"Wave_2163",0.794646204351274
"Wave_2164",0.795301473027045
"Wave_2165",0.795461507572834
"Wave_2166",0.795252117654609
"Wave_2167",0.795229825653379
"Wave_2168",0.795020506614593
"Wave_2169",0.794390126594658
"Wave_2170",0.793665160749659
"Wave_2171",0.792781101270268
"Wave_2172",0.792004075296308
"Wave_2173",0.791090952411627
"Wave_2174",0.790548784895189
"Wave_2175",0.78992893311156
"Wave_2176",0.789020899593344
"Wave_2177",0.787477190961763
"Wave_2178",0.785500256264028
"Wave_2179",0.783754851798979
"Wave_2180",0.781561950909414
"Wave_2181",0.779209344328425
"Wave_2182",0.776838936797712
"Wave_2183",0.773574608964358
"Wave_2184",0.770612579962776
"Wave_2185",0.767846212375629
"Wave_2186",0.764478663744905
"Wave_2187",0.761672807497957
"Wave_2188",0.758629358989666
"Wave_2189",0.75488808603238
"Wave_2190",0.751397455753316
"Wave_2191",0.747464144462363
"Wave_2192",0.743229051780523
"Wave_2193",0.739229903288587
"Wave_2194",0.735381126423789
"Wave_2195",0.731558753884215
"Wave_2196",0.727717285956744
"Wave_2197",0.723356177856808
"Wave_2198",0.718832666009576
"Wave_2199",0.7145754947088
"Wave_2200",0.710059473413082
"Wave_2201",0.705952907952638
"Wave_2202",0.702146677502905
"Wave_2203",0.69770250994081
"Wave_2204",0.693222008535773
"Wave_2205",0.689270836673641
"Wave_2206",0.685526864877312
"Wave_2207",0.682061898828736
"Wave_2208",0.679124231002335
"Wave_2209",0.67629949696952
"Wave_2210",0.673320775733326
"Wave_2211",0.670261538311951
"Wave_2212",0.667249614685118
"Wave_2213",0.664313966328895
"Wave_2214",0.661364526708655
"Wave_2215",0.658473521416144
"Wave_2216",0.655645852600794
"Wave_2217",0.652954613972527
"Wave_2218",0.650018571502086
"Wave_2219",0.646880402723012
"Wave_2220",0.644122374577575
"Wave_2221",0.641451557041627
"Wave_2222",0.638893240775724
"Wave_2223",0.636837328898811
"Wave_2224",0.634818580406999
"Wave_2225",0.633260826406662
"Wave_2226",0.631974576275054
"Wave_2227",0.630605649756038
"Wave_2228",0.629650998945795
"Wave_2229",0.628568166009763
"Wave_2230",0.627601062617583
"Wave_2231",0.627448035635787
"Wave_2232",0.627898007820513
"Wave_2233",0.628388805997263
"Wave_2234",0.628870825087483
"Wave_2235",0.629782189194679
"Wave_2236",0.630644880463768
"Wave_2237",0.631746453871244
"Wave_2238",0.633450777773309
"Wave_2239",0.635037000032677
"Wave_2240",0.636592091704641
"Wave_2241",0.638148059785971
"Wave_2242",0.63970343226903
"Wave_2243",0.641307457029243
"Wave_2244",0.64284081496036
"Wave_2245",0.644516897727172
"Wave_2246",0.646199800721316
"Wave_2247",0.648274833267255
"Wave_2248",0.650675187763038
"Wave_2249",0.653263745530063
"Wave_2250",0.65609384463443
"Wave_2251",0.659330788033033
"Wave_2252",0.662550322922117
"Wave_2253",0.66560841797622
"Wave_2254",0.669252939725743
"Wave_2255",0.673299815844637
"Wave_2256",0.677696558477866
"Wave_2257",0.682722206233479
"Wave_2258",0.687773700335021
"Wave_2259",0.693128857289303
"Wave_2260",0.699581530770998
"Wave_2261",0.705986450936994
"Wave_2262",0.712599794750587
"Wave_2263",0.71923935298842
"Wave_2264",0.725089071495068
"Wave_2265",0.73145232941771
"Wave_2266",0.737746759413643
"Wave_2267",0.743812024264188
"Wave_2268",0.749587166914638
"Wave_2269",0.75426024592231
"Wave_2270",0.75823088952623
"Wave_2271",0.761966879856456
"Wave_2272",0.763674354314602
"Wave_2273",0.764290809493688
"Wave_2274",0.763256426303485
"Wave_2275",0.760514437246985
"Wave_2276",0.756024179017547
"Wave_2277",0.750237832300873
"Wave_2278",0.742097670684917
"Wave_2279",0.731640218843185
"Wave_2280",0.719957376501893
"Wave_2281",0.705472024083664
"Wave_2282",0.689483148350711
"Wave_2283",0.673771335078076
"Wave_2284",0.658021557857651
"Wave_2285",0.642787560225402
"Wave_2286",0.628206276424529
"Wave_2287",0.613660650338149
"Wave_2288",0.599419532574831
"Wave_2289",0.585852731740483
"Wave_2290",0.573572849384593
"Wave_2291",0.562970303236902
"Wave_2292",0.55353423999044
"Wave_2293",0.545479152455072
"Wave_2294",0.538663226534392
"Wave_2295",0.532444338610228
"Wave_2296",0.526801547424392
"Wave_2297",0.522064428185452
"Wave_2298",0.518092778731099
"Wave_2299",0.514661096632589
"Wave_2300",0.511586552875791
"Wave_2301",0.509030888779142
"Wave_2302",0.506961890856473
"Wave_2303",0.505052968552105
"Wave_2304",0.503310692915843
"Wave_2305",0.501810456354375
"Wave_2306",0.500316481139939
"Wave_2307",0.498956896412001
"Wave_2308",0.497806798235761
"Wave_2309",0.496665302920498
"Wave_2310",0.49542761566003
"Wave_2311",0.494381435768267
"Wave_2312",0.493491205444185
"Wave_2313",0.492594763784084
"Wave_2314",0.491809152647129
"Wave_2315",0.491051774566887
"Wave_2316",0.490365513989784
"Wave_2317",0.489676713765947
"Wave_2318",0.489048742619473
"Wave_2319",0.488332055887235
"Wave_2320",0.487604717858425
"Wave_2321",0.486824065178327
"Wave_2322",0.485998855505808
"Wave_2323",0.48515026324809
"Wave_2324",0.484458080268726
"Wave_2325",0.48376525733526
"Wave_2326",0.482802443283821
"Wave_2327",0.482061484481365
"Wave_2328",0.481349819185322
"Wave_2329",0.480573968765955
"Wave_2330",0.48044238086618
"Wave_2331",0.480507233695513
"Wave_2332",0.480577472105975
"Wave_2333",0.480974096704113
"Wave_2334",0.481433773040327
"Wave_2335",0.481724993558883
"Wave_2336",0.481112813835883
"Wave_2337",0.48036258603873
"Wave_2338",0.479842114241734
"Wave_2339",0.478808844789164
"Wave_2340",0.478134820695345
"Wave_2341",0.477664766150414
"Wave_2342",0.476266403540194
"Wave_2343",0.474838649727919
"Wave_2344",0.473969073898674
"Wave_2345",0.473020012842236
"Wave_2346",0.472639618568819
"Wave_2347",0.473054148719434
"Wave_2348",0.473707581627101
"Wave_2349",0.474717173555027
"Wave_2350",0.475755937646854
"Wave_2351",0.476510307020006
"Wave_2352",0.477449351441395
"Wave_2353",0.478799849565595
"Wave_2354",0.480983718082526
"Wave_2355",0.483836421695892
"Wave_2356",0.486089214442159
"Wave_2357",0.488264914380315
"Wave_2358",0.491102048501348
"Wave_2359",0.493809809772848
"Wave_2360",0.496124366520282
"Wave_2361",0.498074473898653
"Wave_2362",0.498857821332791
"Wave_2363",0.498706721414493
"Wave_2364",0.499654608352061
"Wave_2365",0.501131383152507
"Wave_2366",0.501978248119754
"Wave_2367",0.503588781359289
"Wave_2368",0.504863298867521
"Wave_2369",0.504437103227176
"Wave_2370",0.503685056485542
"Wave_2371",0.501669205682958
"Wave_2372",0.500879282477059
"Wave_2373",0.500379682770853
"Wave_2374",0.499235443637159
"Wave_2375",0.499136762068124
"Wave_2376",0.496940601352297
"Wave_2377",0.492909558178317
"Wave_2378",0.489261762759104
"Wave_2379",0.484791746839474
"Wave_2380",0.481027413813949
"Wave_2381",0.477108094726881
"Wave_2382",0.473345278756845
"Wave_2383",0.470053781849588
"Wave_2384",0.466767622341247
"Wave_2385",0.463274609285108
"Wave_2386",0.46072912414957
"Wave_2387",0.458774109558038
"Wave_2388",0.456798304541917
"Wave_2389",0.455578180218881
"Wave_2390",0.453719034773526
"Wave_2391",0.451324731220271
"Wave_2392",0.449347652400839
"Wave_2393",0.447192843953764
"Wave_2394",0.445666947869192
"Wave_2395",0.444639770183911
"Wave_2396",0.44382858661466
"Wave_2397",0.443851885826581
"Wave_2398",0.442839473441876
"Wave_2399",0.441229703125348
"Wave_2400",0.440526225357377
"Wave_2401",0.439658496385005
"Wave_2402",0.439566080840561
"Wave_2403",0.440618888049027
"Wave_2404",0.440902583984488
"Wave_2405",0.441311444674417
"Wave_2406",0.441767121854335
"Wave_2407",0.442141074892057
"Wave_2408",0.443126672635859
"Wave_2409",0.444291720689019
"Wave_2410",0.445917763264172
"Wave_2411",0.447733541410024
"Wave_2412",0.449982356755358
"Wave_2413",0.452523778069506
"Wave_2414",0.45543625800341
"Wave_2415",0.459352413650772
"Wave_2416",0.462827166393803
"Wave_2417",0.465913291417879
"Wave_2418",0.470341331286806
"Wave_2419",0.475748218833632
"Wave_2420",0.480937612738925
"Wave_2421",0.487186519781105
"Wave_2422",0.492492099211285
"Wave_2423",0.496357007076206
"Wave_2424",0.500949356445131
"Wave_2425",0.505486400099942
"Wave_2426",0.510401113833631
"Wave_2427",0.51520358913214
"Wave_2428",0.520486203150005
"Wave_2429",0.526693803352842
"Wave_2430",0.532175198551608
"Wave_2431",0.53721261473653
"Wave_2432",0.542527082975501
"Wave_2433",0.547757310009999
"Wave_2434",0.552602708606498
"Wave_2435",0.557360577174311
"Wave_2436",0.562456765205033
"Wave_2437",0.567563707632441
"Wave_2438",0.571634433017588
"Wave_2439",0.575258931349161
"Wave_2440",0.579856872093988
"Wave_2441",0.583777476249567
"Wave_2442",0.588418244597316
"Wave_2443",0.593799490192514
"Wave_2444",0.596998256807555
"Wave_2445",0.600518973242913
"Wave_2446",0.607674620925432
"Wave_2447",0.615428707712845
"Wave_2448",0.622795109581003
"Wave_2449",0.630661404321675
"Wave_2450",0.637036887155971
"Wave_2451",0.642830137401
"Wave_2452",0.649079643416795
"Wave_2453",0.655778770931572
"Wave_2454",0.662026591981602
"Wave_2455",0.668013412727461
"Wave_2456",0.676079367653136
"Wave_2457",0.683761839107624
"Wave_2458",0.688870723750266
"Wave_2459",0.695938966999831
"Wave_2460",0.705811419624885
"Wave_2461",0.71597504286887
"Wave_2462",0.7289286809792
"Wave_2463",0.739873865395244
"Wave_2464",0.746376325226296
"Wave_2465",0.755523633849374
"Wave_2466",0.768028038172321
"Wave_2467",0.77736814213844
"Wave_2468",0.786562707030613
"Wave_2469",0.793819530627501
"Wave_2470",0.796031458583168
"Wave_2471",0.801112450523248
"Wave_2472",0.805786407970891
"Wave_2473",0.812604725483865
"Wave_2474",0.824016957436136
"Wave_2475",0.830679118891219
"Wave_2476",0.835191671044614
"Wave_2477",0.841139983833621
"Wave_2478",0.844385073963267
"Wave_2479",0.849632572771876
"Wave_2480",0.85721563835423
"Wave_2481",0.864795049118521
"Wave_2482",0.873843183597284
"Wave_2483",0.879648018662197
"Wave_2484",0.884175973381228
"Wave_2485",0.890186178166977
"Wave_2486",0.89277253717573
"Wave_2487",0.899110406868942
"Wave_2488",0.91251809276695
"Wave_2489",0.917208404155266
"Wave_2490",0.91816701867798
"Wave_2491",0.919628437927869
"Wave_2492",0.915290679979477
"Wave_2493",0.916685157385763
"Wave_2494",0.921053921859228
"Wave_2495",0.925034500889822
"Wave_2496",0.930660681287659
"Wave_2497",0.935602182160764
"Wave_2498",0.940518325793001
"Wave_2499",0.946586080125477
"Wave_2500",0.95423085898091
