"","Genotype","a_fit","b_fit","c_fit","d_fit","e_fit","f_fit","g_fit","h_fit","end_NPQ","max_amp","gradient","end_FvFm"
"1","B1K-01-20",3.58820402752149,0.00630783126421183,3.18133642589897,0.0154327431050196,0.335880597266195,0.269679853698894,0.0115127902244986,0.518015853735165,0.301010653132837,3.47520419124753,0.0311679429233455,0.787998882138603
"2","B1K-02-01",3.31211868527781,0.0105353378194846,2.90405571961041,0.0182974295807946,0.432251728003938,0.251684225281045,0.0125359007935084,0.521362827657958,0.318391119070634,3.39275083801005,0.0426933571148153,0.78195831985995
"3","B1K-02-02",3.28089531543149,0.00809389853557124,2.96234166604166,0.0202957100585651,0.394071545716052,0.260372885553519,0.0142761622807403,0.514033614405875,0.297296633717015,3.39258751493673,0.0386114891357406,0.78215646158508
"4","B1K-02-04",3.88941446525862,0.0041525569194277,3.11211987367059,0.0165912601059549,0.355860329755859,0.267238034922818,0.0128642071893421,0.51638259055461,0.31643618925619,3.4016202985155,0.024222638077274,0.784306603769298
"5","B1K-02-05",3.68705945123108,0.00967182019389073,3.22425874920471,0.0153877765314212,0.373280590272972,0.280628448716661,0.010947006780304,0.492255678431741,0.312035494832865,3.70069973205962,0.0424758309700976,0.769645664110872
"6","B1K-02-06",3.07539145692091,0.00730517015074469,2.68240992431617,0.017523339028185,0.389945312807064,0.240214315188769,0.0130073856153138,0.536969972962881,0.324775511554155,3.09027222133415,0.0321550622269109,0.780706230647561
"7","B1K-02-10",3.6312650336715,0.00862009001371839,3.25079634108056,0.0147903785399609,0.467808193350281,0.271885274405709,0.0108904117506852,0.490818027556534,0.387499435044507,3.7126637430102,0.0424260040879607,0.767481487470708
"8","B1K-02-12",3.8169863869328,0.00856826820906214,3.30737828587305,0.0169055755341712,0.519270867577365,0.268135091487344,0.0119231868012536,0.492899120895722,0.40714703225322,3.85890956493393,0.0398219849065798,0.768285274971823
"9","B1K-02-13",3.89633202008732,0.00601654066984955,3.28287432751515,0.0144378067834517,0.420648506235599,0.274749983151105,0.0104104045423042,0.502101467659565,0.334065280060312,3.70091232183258,0.027902562250271,0.78397280300114
"10","B1K-02-14",4.04839365845994,0.00741828735153322,3.36610332602135,0.0149923449609616,0.568725045421442,0.263737738283183,0.0104657758435881,0.498935142812515,0.434501118588718,4.00283061727588,0.0397998965559812,0.769785491895718
"11","B1K-02-16",3.91535638481105,0.00594567406150986,3.40934998724451,0.019158901750011,0.351979878532808,0.289722126918854,0.01377309965195,0.476847053435707,0.267308060840516,3.78371408420308,0.0346441479586149,0.773513053107468
"12","B1K-02-18",3.38342231467197,0.0115127749946025,3.02261899264726,0.0137542268691655,0.440515895116026,0.254564820806178,0.00947727726208754,0.52524713559447,0.310059681029484,3.4587209071049,0.0402984618609871,0.788540885775589
"13","B1K-03-03",3.97907393041705,0.00715910873141591,3.42226126550075,0.0142591504257352,0.402449474652972,0.279297616570533,0.0104436554034313,0.505361736105607,0.300321776071969,3.87300374549929,0.0328480353924737,0.791917133102781
"14","B1K-03-04",3.9246748265996,0.00602078196667537,3.4016653808245,0.0170420434240968,0.449324936280125,0.274327259902882,0.0118704870454659,0.50481996274157,0.346384801604363,3.88763228323723,0.0407513227120334,0.784617379824493
"15","B1K-03-09",3.92293793353005,0.00890738749449869,3.40702615976712,0.0115701678517906,0.423783280226143,0.277802103651383,0.00844231643823365,0.50746731108903,0.331885380078956,3.90302523205906,0.0385274766470172,0.786480756999671
"16","B1K-03-10",4.12320788960565,0.00752766640527865,3.71767733745589,0.0125445638225031,0.402188831551594,0.301344017791069,0.00882582320071727,0.482004405860232,0.317141494754577,4.14716954578779,0.0425310822909915,0.782812655934496
"17","B1K-03-11",3.96037677384742,0.00610604412874329,3.56153753223996,0.0182620927564952,0.346925320902308,0.289934254857409,0.0125564145700021,0.499976336618143,0.253112030244668,3.89803461208462,0.0388851806859438,0.795786421458947
"18","B1K-03-14",3.88662453635647,0.00664501216476328,3.39248867500652,0.01655283490215,0.405123439768404,0.278862485941069,0.0120925510308285,0.502487260739999,0.338317545409015,3.81486303160064,0.0298111039322141,0.78643787674248
"19","B1K-03-16",4.41591351073776,0.00729386702153506,4.05139592785564,0.0124805702408224,0.429035201129264,0.309592007469941,0.00905646064583634,0.467318315345969,0.376551914951962,4.49123886083082,0.0500400464323583,0.776103751674415
"20","B1K-03-17",3.79711186530659,0.0119174083089249,3.51470656428288,0.0120082586270629,0.498030935273292,0.285661832202151,0.00870806227452567,0.471575725983346,0.462872502609794,3.97304559639595,0.0498484720534673,0.75616812183102
"21","B1K-04-03",3.36403333673131,0.00672757326749268,2.98611111929882,0.0228626496180714,0.352159923309444,0.25165687305547,0.0164008400839972,0.543512084855057,0.279492110560238,3.33539537857731,0.0354839214457579,0.799100512612929
"22","B1K-04-04",3.62531976979878,0.0055394614104157,3.09842141564338,0.021376443718351,0.389614189876214,0.259997692080354,0.0157034476863388,0.529454872344777,0.312893421525802,3.51426871785938,0.0324753819754878,0.789871005239838
"23","B1K-04-08",4.06026454807007,0.00674394827434826,3.24019759423698,0.01726753859995,0.484491623154725,0.262757147664804,0.0122945415400331,0.499718847118373,0.346528039876166,3.78491283715862,0.0310595155871711,0.773673179204052
"24","B1K-04-12",3.4087970438088,0.00638289357639303,2.86152085077443,0.0192410963902877,0.404783064335993,0.24698486333413,0.0144249007733271,0.524606819809471,0.346073551288221,3.28367531131211,0.0322742107415618,0.776430453458536
"25","B1K-04-19",3.07601242245232,0.00626308939134293,2.67672210204739,0.0178469569981634,0.352718969793565,0.243646245354148,0.0134233912877774,0.535226933086077,0.29516219366485,3.00996402127498,0.0304637307621603,0.780307635596767
"26","B1K-04-20",3.73211913468443,0.00498023063701329,2.99095401499838,0.0215586544501184,0.376755722901779,0.26232145887596,0.016029647803807,0.513497860117133,0.284194962237232,3.42233887786559,0.0287414600622717,0.779407392398402
"27","B1K-05-03",3.24493805273237,0.00555263379789389,2.79686501147582,0.0222826394766602,0.390360128703318,0.245478747520541,0.0160668590023993,0.537774343924003,0.306300769304853,3.16170797663478,0.0287028854070122,0.792208253788159
"28","B1K-05-07",3.56057554354134,0.00478474956068197,3.04765557011063,0.0258212935097007,0.303003095833334,0.274666554507275,0.017557019949447,0.488288018258338,0.233217247372088,3.2867880107924,0.0277240456247802,0.766526776087084
"29","B1K-05-08",3.35546328743314,0.0057539331719002,2.86861504707216,0.0207234228621147,0.399998245076149,0.248901703363213,0.015496711330935,0.531069970437116,0.326694352513247,3.21388980911352,0.0303917255080306,0.785479887486806
"30","B1K-05-10",3.64771814746701,0.0054482280809624,3.1177684984039,0.0228371400172447,0.414528194739546,0.261043984871245,0.0168112316661062,0.52190219373429,0.318197343618161,3.48453875101114,0.0300770928776357,0.791599402833697
"31","B1K-05-12",3.31466057438208,0.00495199684965176,2.69693026712098,0.0228256031388671,0.382459913213677,0.23809869090356,0.0173552306631884,0.547759973573606,0.301565728517637,3.02161830353816,0.022204807184742,0.79217259828113
"32","B1K-05-13",3.6417600404812,0.0059790161555601,3.14788038033436,0.0183419444770388,0.378171680854034,0.26536355883787,0.0132435690960259,0.523955230766373,0.280935480342183,3.49625672983192,0.028220975827348,0.795173023036046
"33","B1K-05-16",3.74943390304321,0.00423076520650046,2.97918983068362,0.0208460730143856,0.382585374026046,0.249559776336044,0.0156242638713795,0.537549890055986,0.307384307278827,3.34974232638607,0.0235699439468938,0.793461571675645
"34","B1K-05-17",3.88877366350532,0.00655446297526105,3.39061538345459,0.0220151648420051,0.420811141383594,0.274563093365329,0.0163691916748319,0.509000321468979,0.33230687008519,3.77948498700343,0.0359346372675571,0.789962964872505
"35","B1K-06-01",3.57922936317089,0.00769133152773919,3.29680390395962,0.0133160303344891,0.405829028064992,0.276054263992808,0.00985997814681825,0.497196510335505,0.376691555358176,3.69296274283892,0.0353422554254915,0.772868302389729
"36","B1K-06-06",3.69340967484967,0.00511458913194417,3.04354504036673,0.0202832252940962,0.437946649652532,0.254432876136214,0.0150897294077838,0.526243654537923,0.335731648406177,3.45885899434389,0.027997981761548,0.78675517950324
"37","B1K-06-07",4.34963646175438,0.00521293522072325,3.88836531270516,0.0113627705316652,0.357471180641699,0.312809492069141,0.00877753040475346,0.472480730498945,0.323680860734168,4.11063759953339,0.0320334161207462,0.786399147477191
"38","B1K-06-10",3.44278450697524,0.00561443988945641,3.02335376012237,0.0188102730517102,0.323923432489545,0.260410167782549,0.0140621684058565,0.531206065956113,0.265163050053665,3.3703384796245,0.0294688144260426,0.795905233051001
"39","B1K-06-14",3.61705623968486,0.00475078537121889,2.98652895412298,0.0180978251108835,0.398783840621546,0.255841727427801,0.0134147572543864,0.527704863890304,0.339662349450339,3.37816594136369,0.0278769739860499,0.78625664931904
"40","B1K-06-15",4.19643025958035,0.00512855914278196,3.52168175999839,0.0222921818088364,0.466683374924482,0.274690265352893,0.0162802088455899,0.512794150381844,0.38445068837428,3.9707980202419,0.0355146016402953,0.790629494236701
"41","B1K-06-19",3.95941378668135,0.00654650767024382,3.47662695899496,0.0201131748760567,0.441883056241538,0.276373096007372,0.0144370988109041,0.500866537273272,0.35248386879688,3.98383491344269,0.0324422585315305,0.786491250703217
"42","B1K-06-20",3.65242320543512,0.00692374119011714,3.2018878585816,0.0152919800004561,0.401166256088789,0.273403250830913,0.0116836257418242,0.501131518347373,0.353452391520637,3.52952592018383,0.0291512038673102,0.777679718488378
"43","B1K-07-02",3.91165525874146,0.00744039771627324,3.46451296545639,0.0163661907827752,0.417334139669159,0.280316141996024,0.0121644735900237,0.497518320697583,0.359826624294046,3.88268888085523,0.0341451132888433,0.781174700768749
"44","B1K-07-05",3.45384015855207,0.00715445498191088,3.14920689609995,0.0245923527559808,0.352825137740948,0.265498326774804,0.0179956510659899,0.524912936213939,0.269031434681026,3.51679535715515,0.0372332727694781,0.792649330820681
"45","B1K-08-01",3.54056178022653,0.00356604603510318,2.81135874785889,0.0210146482171741,0.270693608943787,0.249570627252755,0.0159728903667763,0.55492634764516,0.206113424988406,3.0824969108623,0.0228398866634408,0.808966758825556
"46","B1K-08-02",3.66808412527345,0.00572932925813568,3.27971833324876,0.0188880042473003,0.310408062526592,0.275428912002088,0.0136457696157591,0.512977953128966,0.25784947221312,3.59904860921691,0.0343161781801135,0.792481630096469
"47","B1K-08-03",3.91198503747847,0.00420461008308972,3.17467403497319,0.0156210842658001,0.386102019115177,0.265494992341033,0.0121232492533605,0.528937274429064,0.361887554792379,3.52850712765556,0.0234635231666645,0.791850478154711
"48","B1K-08-05",3.78114001725272,0.00657001682341101,3.26977651055625,0.0200404583408692,0.390502560356559,0.267119221135236,0.014081568360352,0.521170478205616,0.283803466495943,3.6373220588974,0.0296833279005453,0.797312217993151
"49","B1K-08-06",3.85259474375626,0.00528370839443783,3.28963751446011,0.021585987230674,0.407758773406831,0.264975450452847,0.0156096416998308,0.520824048974482,0.341003337603421,3.69235682984061,0.032092813392909,0.786939258809138
"50","B1K-08-08",3.68115931592425,0.00719859838986076,3.21653740593657,0.0127434494791577,0.383852533657712,0.267848328371729,0.0097769020898499,0.52171377695574,0.320566771072486,3.55417637417798,0.026189869298229,0.790322567154226
"51","B1K-08-09",4.06399377126713,0.00586882386182684,3.4956502462156,0.0144608270883922,0.378172592453456,0.288481366787271,0.0104794852638844,0.494547590268579,0.316298751466945,3.86177953215291,0.0350551860212257,0.783792228844603
"52","B1K-08-10",3.8048388214901,0.00627312469653035,3.37445681594941,0.0170956993648671,0.343757071347774,0.276248377292577,0.0124377741351325,0.520506715665151,0.297567980459689,3.73162829265971,0.034676067353744,0.797060074277396
"53","B1K-08-15",3.58583961214125,0.00526160015825441,2.98412984149086,0.0179315267981558,0.414439272358251,0.26286430372999,0.0131569895917879,0.503239937372061,0.366122348821022,3.39045211338593,0.0310901883461509,0.768599568116345
"54","B1K-08-16",3.40070409527955,0.0074670836293205,3.02896671579324,0.0167774227172229,0.380975308572357,0.253795854529289,0.0122438059117891,0.538794472983002,0.291299033198362,3.41537654102998,0.0361468624905141,0.798126829177839
"55","B1K-08-17",4.23430545598493,0.00565414540427021,3.58367827834826,0.017933891659279,0.456956690667883,0.284010022883266,0.0123582898522175,0.490391258158059,0.371433812079325,4.06586012868777,0.0351548057821298,0.776922492950738
"56","B1K-08-18",3.87070832280478,0.00765921482085116,3.3954416677839,0.0144639814001029,0.449985520901895,0.276346437881385,0.0109764262615775,0.508791562518819,0.374585428419399,3.84051343847283,0.0392090095427033,0.789106932012004
"57","B1K-09-01",3.78980481408871,0.00834004706211565,3.42296577618642,0.0141028442438268,0.378348287254652,0.282434155732222,0.0110787341016745,0.501168399874986,0.378083786435667,3.74359672610756,0.0352776609089835,0.779755440621003
"58","B1K-09-03",3.49983623118308,0.00729620845924556,3.23135285840494,0.0120860854117903,0.336795696738695,0.271635555066496,0.00972057998194379,0.517661765664653,0.344897425509692,3.50745301773349,0.0349830045019886,0.785097763846774
"59","B1K-09-04",3.56837851121613,0.00801192936936421,3.33375301177435,0.0147803000366505,0.335355806949781,0.28413955700394,0.011245376715099,0.495044906363501,0.325071804641745,3.61231626896482,0.0411044064851592,0.77692351894008
"60","B1K-09-07",4.23214817212626,0.00658846638963602,3.50830338856327,0.0147137657701552,0.469812735941424,0.276044770323664,0.0107208173326702,0.507959374961998,0.396611992814223,3.9763315767127,0.023850471934322,0.788290223883296
"61","B1K-09-09",3.80570539137188,0.00714604387606228,3.28797716849114,0.0181873467266547,0.381993667805238,0.273450372623687,0.0132838785503177,0.507907094329497,0.33183402248786,3.68793751924581,0.0324831772178051,0.782050494694268
"62","B1K-09-10",3.80014401593722,0.00669821765476676,3.3540220222496,0.0205845864566632,0.362392162915143,0.277668689924958,0.0148884546268433,0.511579502192837,0.308443530293165,3.71845346844762,0.0329233185687297,0.790931311513064
"63","B1K-09-11",3.9541424864832,0.00940777294814625,3.58677954334969,0.0147783847593867,0.450057918933535,0.28909496587634,0.0107979353288671,0.473466966473892,0.414764470821552,4.01074742456086,0.042423762096004,0.761328481421146
"64","B1K-09-16",4.15620896630536,0.006771097774469,3.68198250008554,0.0166685632028338,0.415070643719104,0.292731608127487,0.0122881480447693,0.490413126213284,0.359233535434428,4.0444294909508,0.0330345631475206,0.78580403064048
"65","B1K-09-18",4.12469658661575,0.00505804644657812,3.49527751422226,0.0165163389173282,0.395518911328584,0.283991493144703,0.0122211943924116,0.494235547108885,0.337499615057483,3.90697160187886,0.031684890910634,0.782220406736096
"66","B1K-10-01",3.69765187035796,0.00650011858612819,3.22707059988204,0.0159088236246633,0.364446663268401,0.272254208571416,0.0121165220386855,0.516139243824721,0.345941107145986,3.56372344834473,0.0337109845251664,0.786500251728009
"67","B1K-10-03",4.24393265185493,0.00608878803331203,3.68846350234976,0.0160776308796665,0.46127310510031,0.294269410669723,0.0115514425219051,0.473075961181908,0.411777156075143,4.13333453825212,0.0400291685911059,0.76860232221956
"68","B1K-10-10",3.88320765435124,0.00574213604475646,3.37195918554909,0.0188795487842861,0.43116980147408,0.275599751364723,0.0127539086187199,0.502372504882883,0.293791409202156,3.90108808318447,0.0453694646798956,0.789099309227963
"69","B1K-10-12",3.70953675673683,0.00766467993654893,3.35435388279323,0.0185999792456993,0.420436799390302,0.276131906825387,0.0133481082489084,0.502938673543885,0.361252651247393,3.77858067870891,0.041665821995529,0.781018232637056
"70","B1K-10-13",4.29337511749638,0.00764825000064402,3.72969162514509,0.0163248596056451,0.482261710302414,0.287846943841101,0.0119543321078541,0.485598527226001,0.41571653386094,4.20360337561935,0.0354343166678187,0.77455437702213
"71","B1K-10-18",3.64733665374679,0.00820493678910437,3.16515996782373,0.0156667416011994,0.432739331285326,0.266833309336512,0.0116529597788845,0.504223974269631,0.38643958261767,3.62358465190803,0.0345386012648896,0.7739150802596
"72","B1K-11-04",3.71918784353864,0.00522311911400971,3.16380783914321,0.0183430600413436,0.368512562366001,0.266885336856742,0.0139827737589205,0.5152377273818,0.30079568106419,3.53143968753624,0.0299438555491744,0.788274754279771
"73","B1K-11-05",4.03402754764088,0.00538516362230214,3.4944322092891,0.0176763575190253,0.373949205952548,0.28201852397472,0.0134898636807535,0.506440385135564,0.338746086877848,3.83500376892384,0.031096357519182,0.787867342488784
"74","B1K-11-09",3.47972685919587,0.00713753606208141,2.90264707947066,0.0220914816622979,0.436763084253603,0.249255345585605,0.0156231382990589,0.528103930605894,0.301146789192649,3.40691940888128,0.0345127329363999,0.7849976787769
"75","B1K-11-10",4.14188778993481,0.0045443982979755,3.32111136913182,0.0204651010945675,0.408067087749202,0.267369591604464,0.0149272540293749,0.513259001251541,0.315930021009489,3.73480592484384,0.0322347663912073,0.784383314860382
"76","B1K-11-15",4.07067839321317,0.00518388710049586,3.39694942031267,0.0189721459973526,0.416054952861341,0.273326461382797,0.0138276289154644,0.512650985259487,0.342397425509692,3.8483672390284,0.0308138701493386,0.790648159191506
"77","B1K-11-16",4.14548596496535,0.00429856550968697,3.36764170055972,0.0212496890470079,0.421468626441785,0.275471987277279,0.0161686321156309,0.504671266383051,0.342760396534802,3.7701450417074,0.0291808245819598,0.785714908265403
"78","B1K-11-18",3.6300796784253,0.00972471467683239,3.25068276299604,0.0209626540846184,0.40194835909672,0.271077620385312,0.0144291160874998,0.506234592189339,0.267104497906588,3.69072474029055,0.0415010323659587,0.787886822315747
"79","B1K-11-20",3.90754918724078,0.00978224568992279,3.32149867668264,0.0200527394217908,0.521171694299515,0.266418583052663,0.0134263498227415,0.495449427668853,0.341657758773395,3.9187322773662,0.0420628548506131,0.779017366867048
"80","B1K-12-03",4.03889542543723,0.00592133333656685,3.48542716132399,0.0137631883044822,0.438058153968023,0.276564519828233,0.0100687906318735,0.509668455306944,0.376433897134224,3.95118773180807,0.0301403459236277,0.788855272311118
"81","B1K-12-05",2.91459985569152,0.00653481320238455,2.58503769961436,0.0154952470252934,0.344750765464912,0.235221469584762,0.0123703580358939,0.556652153454594,0.30002008660765,2.86691711284998,0.0232359408104716,0.793576546003298
"82","B1K-12-06",2.93007174301762,0.00760810197765254,2.70780533260876,0.0123882742416104,0.326697482212548,0.247050445812706,0.00990518951387128,0.540466127409924,0.308845455352371,2.9428477387276,0.0282060924802786,0.786349237624269
"83","B1K-12-10",4.04604832745363,0.00586076392301288,3.47163614477396,0.0113048498687201,0.420027792569918,0.291173026602205,0.00796247249348294,0.472952644843583,0.335526233364199,3.9432015784532,0.0368070386565449,0.764313351094351
"84","B1K-13-03",4.11941046475081,0.00622719638812831,3.49920775734975,0.0154103188380989,0.470777366485018,0.276996867269317,0.0115063956033157,0.495841385026164,0.426182889010718,3.92895906106151,0.0339863041364346,0.775870314937237
"85","B1K-13-06",3.64824020956316,0.00650290623477589,3.16080686332465,0.0234376622433512,0.430015780081299,0.25989588187207,0.0168511206501804,0.52373556863166,0.33420446199104,3.67399367160754,0.0336492977851113,0.792629480235664
"86","B1K-13-10",3.4794533286898,0.00715500246587851,3.11736015560656,0.0142783185329055,0.392859459303779,0.25850264640918,0.0105100282763666,0.536629083765434,0.317362481895419,3.52451210996315,0.0342734378570544,0.796589697555061
"87","B1K-13-14",4.47989799897655,0.00459223933050647,3.60957347351397,0.0168450376423376,0.451983084526621,0.285829797233581,0.0119700090974084,0.488950006778065,0.360242178428105,4.03677105662727,0.028802288329849,0.782776721991317
"88","B1K-13-15",3.96458064284165,0.00432360715019551,3.31856523765182,0.0206178914484359,0.34324407410028,0.276920717877311,0.0147740733371323,0.509545960634761,0.27965887445705,3.69813898612494,0.0300442384894412,0.788393745017193
"89","B1K-13-20",3.56613532891679,0.00552748128870776,3.12791895339129,0.0181725001344165,0.388360311851341,0.263300223161217,0.0131759023166184,0.518946018337742,0.308634019362376,3.5454664078472,0.036910753994894,0.784156158459597
"90","B1K-14-01",3.37961505007413,0.00560762880865711,2.92052807464285,0.0193432155414041,0.382392052584655,0.251550963256956,0.0150519944110119,0.528250680192196,0.341868414815781,3.25482065710902,0.0265400632267684,0.782501206638844
"91","B1K-14-04",3.45239914443075,0.00748089908066055,3.0775531817312,0.0158891521898881,0.404220343843948,0.265933689823197,0.0113531112163689,0.507866458903566,0.347207750789852,3.47987685556308,0.0393571658546215,0.772252197235584
"92","B1K-14-06",3.74195372218205,0.00775814516985048,3.2792888591685,0.016259471045906,0.399224923314683,0.265743074801086,0.011049434140119,0.523680830724189,0.308351375329126,3.71587986159539,0.035479406682779,0.790883796993137
"93","B1K-14-12",3.51022229762883,0.00535236330161292,3.04942603910724,0.0259047908361262,0.389669385031977,0.252026789429466,0.0193676860715835,0.53146190815517,0.312756660717813,3.49082933710916,0.0340870725674009,0.792885438283904
"94","B1K-14-13",3.83147008722163,0.00821442751137693,3.37976527166516,0.016019879394557,0.425596675705001,0.275713387448956,0.0111619804272085,0.506419430944415,0.360133468912179,3.80016714166133,0.0370812604124345,0.782898325976474
"95","B1K-14-17",3.56682606157574,0.00740209519631206,3.29867903521826,0.0165390789486651,0.310685448746107,0.282165407230741,0.0122581058631905,0.507452511397105,0.261480989044446,3.60868081046947,0.034604506472058,0.794887274020795
"96","B1K-15-04",3.70480458561027,0.00618606875499925,3.15904046620771,0.015412209422611,0.405091608988887,0.262458145534355,0.0118178251414811,0.524388946254399,0.351520763033929,3.52476333414077,0.0250759793669646,0.789885165897697
"97","B1K-15-05",4.1056295629919,0.0114673082163627,3.70090170518302,0.0184238345663756,0.52377548766174,0.287041099844658,0.0139155794577486,0.487309573330744,0.522550596221014,4.19563279792088,0.0493224384203479,0.763978087345638
"98","B1K-15-06",4.02159095274874,0.0077897369671816,3.54610772021695,0.0144083232074747,0.466443651313966,0.27775627273943,0.0103852883107246,0.503927140347708,0.379379490985165,4.02501358514729,0.0339618328480549,0.787939150116304
"99","B1K-15-07",3.74911506144173,0.00849883919471144,3.28792329571663,0.0212594994863291,0.421152416204243,0.267227224080751,0.0159117825035498,0.52001794659081,0.315159724539161,3.69415154865182,0.0368613225934273,0.796362592542534
"100","B1K-15-12",3.60196382700125,0.00736954858785487,3.13344355241378,0.0136282046908834,0.447834657722679,0.26663949163156,0.00995010763703792,0.506222627621785,0.392337702960552,3.59730143471386,0.0361667023907289,0.772681578325578
"101","B1K-15-17",3.75283983313615,0.00696874872232333,3.26408269947176,0.0135986283414517,0.428800241540209,0.265877993220383,0.0103588913812987,0.519747344905842,0.356919263911939,3.70969172634229,0.032172525658961,0.790976110014094
"102","B1K-15-19",3.26789509183049,0.00599308101991841,2.90414023542391,0.0194914156322081,0.38255025653219,0.249900593993264,0.0141655355853141,0.537384524915943,0.326745596421591,3.3165722001714,0.0352934101388456,0.790053221660757
"103","B1K-15-20",3.72174430504778,0.00812598452861462,3.28737556915676,0.015672262850489,0.455260433781025,0.268978657136213,0.0114671122245568,0.510434347223773,0.371447684837732,3.77840479626595,0.0393386178231096,0.783419755942727
"104","B1K-16-01",3.80057875024462,0.00895235169961858,3.38535061996384,0.0167665419901882,0.425153582278747,0.279340527967472,0.0123011243417478,0.498534628089429,0.333864984130405,3.84037095005758,0.0413775712796069,0.784677020111146
"105","B1K-16-06",3.53470908452875,0.00899519776381208,3.15994042087229,0.0190869753582862,0.380782323247875,0.268450991866632,0.0142195160716334,0.504407745199124,0.334281854556261,3.51491548732745,0.0403855883968657,0.778685506283664
"106","B1K-16-10",3.46232473778377,0.00538354323153888,2.97060941319921,0.0185677595213787,0.314446479996108,0.261070961556333,0.0138495067650621,0.529804566510321,0.262036525653145,3.27507302349623,0.0243142306295423,0.795053078384518
"107","B1K-16-15",3.62405145766585,0.00466770971152092,2.90648712550174,0.0199765985428296,0.344820411519962,0.253841046750271,0.0147524291709888,0.536892333180334,0.280971753002729,3.22931577392354,0.024448176643596,0.793933032407553
"108","B1K-16-20",3.77677298647844,0.00799082385350821,3.20537050136462,0.0170245776742742,0.429659620433868,0.261083569912659,0.0128125106655418,0.538616432624593,0.375577389094731,3.60041174004519,0.0260909841081773,0.797319019298728
"109","B1K-17-01",3.57921953864398,0.00610887651646414,3.06704009601904,0.0213235343226168,0.400968669340242,0.259428348885773,0.0151280191078451,0.522639233062319,0.3031229750755,3.51035976414211,0.0320035498377652,0.786894247148079
"110","B1K-17-03",4.12455712571587,0.00549102956451874,3.45754520437594,0.0221921702859695,0.379248940595858,0.284309221565203,0.0160901463264154,0.501645163710017,0.292908454671656,3.85456407356239,0.0263649498179118,0.791628368258868
"111","B1K-17-07",3.37372483506427,0.00659592976893866,3.0183356524046,0.0272286191745447,0.39878111656657,0.249878196902707,0.0202214858985517,0.537754284647046,0.310869094451071,3.43126956576227,0.0378575425383013,0.795713089426732
"112","B1K-17-10",3.3069517792301,0.00632943404067267,2.92898716453323,0.0205579155780867,0.386021929911523,0.252091729453163,0.0155308551915459,0.530877874061197,0.318963045322249,3.33532660363095,0.0319600274577953,0.788256502239664
"113","B1K-17-13",3.59188098393204,0.00704850324896469,3.2243974705762,0.0198471305608099,0.373700171817302,0.268373967485111,0.0147025294692631,0.522189808305666,0.294669050910672,3.59369985233103,0.0358427649865302,0.797690792159782
"114","B1K-17-17",3.57220956729058,0.00454855719496858,2.85061654508205,0.0215216146953536,0.410125248051501,0.238874087050287,0.0158683371543376,0.538033615792915,0.333945726996582,3.30844953762977,0.0282612514160243,0.784785607242719
"115","B1K-17-18",3.5020349081101,0.00543943697132331,2.92108567793242,0.0169723539485464,0.423213167803357,0.250101114467009,0.0131526030274747,0.527084099826633,0.363254042931634,3.35182094174468,0.0306350434732763,0.777013840023708
"116","B1K-18-02",3.6863136141807,0.00493889474502439,3.1585311513415,0.0162405572355492,0.357698650759728,0.2663196623831,0.0125557417069735,0.521624677663987,0.331671931600607,3.48206485826359,0.0292185854344007,0.788575064220709
"117","B1K-18-03",3.73883466303326,0.0042115106704578,3.025786324456,0.0215935567046683,0.339053077488719,0.26764069461458,0.0161457058247372,0.509286157564336,0.26487611321625,3.36251108337047,0.0257336493800091,0.785002477919167
"118","B1K-18-05",3.91451068061491,0.00628351717669296,3.36091370217853,0.0186211077038594,0.411985671747564,0.27063449126946,0.0128728014749304,0.51134498990687,0.303536695197291,3.84949222004101,0.0350231706808416,0.792509114680094
"119","B1K-18-09",3.80291072199483,0.00427875512151701,3.04699256445302,0.0204793452308371,0.281924703837303,0.26942713072692,0.0150568859995984,0.526698181516623,0.201591910594991,3.34124084039662,0.0227574778372106,0.803483587657343
"120","B1K-18-16",3.81312427405588,0.00491138119666444,3.30980639775567,0.0172236344054771,0.405184416459469,0.265274909793318,0.0128289422113792,0.529709222567375,0.368370241690312,3.66932044709287,0.0357638954746414,0.79244593319172
"121","B1K-18-17",3.33653619227378,0.00718870313023594,3.00549649363732,0.0208702378075322,0.338075171187305,0.261133106579368,0.0157468725160464,0.532140111995453,0.273578321854755,3.34655242870166,0.0326501352882985,0.798341252357749
"122","B1K-18-18",3.69534879589449,0.0051143142564629,3.08384189551065,0.0189849232588074,0.350361525469305,0.268528617223713,0.0134450265697708,0.516337120832527,0.288903395163597,3.42390955847617,0.0202982024733338,0.782910023462657
"123","B1K-19-01",3.48053875726076,0.00589140694937387,3.01822899098956,0.0197163682586225,0.373368714836298,0.256602868807178,0.014217044090996,0.528109237379865,0.315226263307279,3.41870014171557,0.0301499779976302,0.788529900502872
"124","B1K-19-05",3.57504130926795,0.00713515145512674,3.18513500130865,0.0167262811449915,0.388376124364297,0.26630598828605,0.0120010240082555,0.519423967004221,0.314650831926849,3.61399285828321,0.0349942603190109,0.791215030931864
"125","B1K-19-08",3.42912469938242,0.00584889690288138,3.088457899333,0.0213940823009364,0.346928411325624,0.272765670094686,0.0150846091147093,0.50128636170832,0.274963667703094,3.44712549814403,0.0354859529218523,0.777533073805957
"126","B1K-19-12",3.59895446809046,0.00891633234669591,3.20400917547096,0.022875642111073,0.392166363196955,0.268220899098082,0.0161891036628515,0.511550369754874,0.295059021249261,3.67344738864736,0.0383505930654765,0.788094721040778
"127","B1K-19-15",4.17839030591862,0.00499519502486327,3.54375471116206,0.0180930413155785,0.386458713074038,0.283262784477428,0.0133803789524351,0.509054529838113,0.340538546345749,3.92997335131966,0.0339315916915803,0.794965826561583
"128","B1K-19-20",3.37244999030475,0.0138019547654182,2.96787318606349,0.0178835910368823,0.342803955143363,0.265839086239936,0.0131781874761941,0.501877932752737,0.270272506964554,3.32386233922826,0.0429431558504762,0.774180885821991
"129","B1K-20-01",3.63660602731522,0.00651462312908307,3.22571866140264,0.0197761673319995,0.373483019765013,0.271768839675925,0.014509648653013,0.50963791498041,0.278312746245556,3.60679292932149,0.0350646855442888,0.787659027753424
"130","B1K-20-02",3.90959685277979,0.00622089766441576,3.44917513423386,0.0227269189333147,0.425790289337872,0.273621661553573,0.0163683467055215,0.510015538423326,0.316188867363668,3.9558452409735,0.0344137669079787,0.793153387352657
"131","B1K-20-07",4.21539628599955,0.00789585787581023,3.75132763297514,0.0149105342016756,0.492568607139453,0.290447702651085,0.0111488444309335,0.477043059726447,0.448737757522576,4.21793322030778,0.0357175260096418,0.768280918132247
"132","B1K-20-08",3.87011398785672,0.00538704399434792,3.38523450198581,0.0173916338071773,0.338539860093446,0.2758003882142,0.0129976984850001,0.522000623288038,0.297279872907253,3.72757224766336,0.0326119388354106,0.800215730602618
"133","B1K-20-10",4.52333687901576,0.00655263162017457,3.80101959207494,0.0135953641558966,0.51613414859732,0.291025767806308,0.00940303871475143,0.473332373207161,0.432096841641041,4.36371439646181,0.0344383325107455,0.766527499578988
"134","B1K-20-11",3.55269812039881,0.00896768288304466,3.18485554331162,0.0165326163336056,0.343525909995318,0.28085541964086,0.0122551021285432,0.482797937780192,0.292493013872024,3.50811325482264,0.0329724885174117,0.766460135122236
"135","B1K-20-13",4.10442114880837,0.00516231468095281,3.31866158635181,0.0112608138593365,0.438652877898063,0.271187607714622,0.00828589112752142,0.511441084736133,0.394493724599673,3.75665652430708,0.0263246847155051,0.783063586312886
"136","B1K-20-17",3.76017142747375,0.00800636673065352,3.4912951136201,0.014990487579038,0.344034289785172,0.291962074148564,0.0110066648549439,0.485669814779226,0.29652884415641,3.79915588455099,0.0386998576522478,0.779561333808309
"137","B1K-20-20",3.25756392978823,0.00660908942702444,2.79773095512002,0.020186126061885,0.315731073303169,0.254311287785448,0.015249519588748,0.528617413746007,0.250490638281558,3.13963510960245,0.0259281187406607,0.789604795182857
"138","B1K-21-02",3.64366964461047,0.00626524188237326,3.10159661022383,0.0181034016732603,0.419403426156959,0.259156792953171,0.0132815875472832,0.523036595148554,0.327077772153851,3.57031177435977,0.0311406905240019,0.788794537391987
"139","B1K-21-03",4.20074230130682,0.0105410910609339,3.83346296847085,0.0111787350412056,0.466580825497326,0.304129667548449,0.00735442279009629,0.459149381001446,0.396925058354402,4.28137472737946,0.0443607563658589,0.762036426836907
"140","B1K-21-08",3.96864909744282,0.00497797312327624,3.31326802195888,0.0171751146664556,0.384796686564839,0.276417572995642,0.0126356011830099,0.498308520222559,0.350132105263032,3.69768258654424,0.0316866712955495,0.774558563610147
"141","B1K-21-10",3.88941146002911,0.00483646938778898,3.26861342501751,0.0162487379343588,0.377589301964668,0.268860021905503,0.0115801585605265,0.517921999227246,0.299767942269015,3.72768069027716,0.023397447741039,0.791558196688594
"142","B1K-21-11",3.67551132784781,0.00643437546910946,3.10167701694938,0.0148251795993518,0.463454058242131,0.255535875528376,0.0102641226880787,0.519383438246028,0.345244780415788,3.65928956135336,0.0293301797371746,0.780779164012926
"143","B1K-21-15",3.45845780522303,0.0055886610994317,3.00228982516724,0.0174992681028165,0.327942217193545,0.263979341918073,0.0134014875485589,0.52117380330109,0.28330184327969,3.341499540194,0.0260756513783186,0.791959748525984
"144","B1K-21-20",3.84241382043742,0.00778594811912712,3.31262959814247,0.0136037812320725,0.421868304590876,0.266143340255376,0.0100094080266105,0.525123955762554,0.33638903064645,3.76922179157129,0.0323641880082144,0.796317928794606
"145","B1K-22-02",3.49577946309817,0.00558090803178225,2.96436246366031,0.0210979817980038,0.33407166621357,0.251925579194457,0.0153150338211885,0.54439310816188,0.250574827826789,3.32122529534129,0.0262520462876919,0.800001930129111
"146","B1K-22-03",3.55523515115903,0.00654658521507604,3.02467620238511,0.0202100439789422,0.392265769392929,0.254349383110504,0.0151690085881624,0.530913272081831,0.306277017497911,3.44716921153059,0.0287298548172878,0.794331542325131
"147","B1K-22-06",3.6494879795706,0.00676099189588631,3.19305670239831,0.0166440566561358,0.368690319806669,0.273175997354255,0.0121409442508165,0.512475178130657,0.294496702276909,3.51772374435542,0.0322328046176933,0.79134797388561
"148","B1K-22-08",4.23875316833407,0.00756155855649247,3.71426307272545,0.0129964740528246,0.401631000172524,0.298514106277385,0.01016131275343,0.477227834604905,0.349493138465931,4.12718926301076,0.0352438852126674,0.774909603622727
"149","B1K-22-09",4.067258519878,0.00520052097059998,3.39372540914963,0.0202006469556336,0.365812390412318,0.27902489946694,0.0140997912050343,0.509108751167421,0.268005880119373,3.77633412694304,0.0314294077680516,0.793543373190492
"150","B1K-22-10",3.85503532183347,0.00626726269159557,3.41931510709796,0.0165637454711906,0.351996606461866,0.286039929071175,0.0120471816014887,0.495664164682875,0.287182418560682,3.75112785651779,0.0354017069670412,0.784437691280892
"151","B1K-22-12",3.45039328213693,0.00732232773430356,2.99150163867666,0.0191497936391277,0.403165080609021,0.252931732029667,0.0139649505885217,0.527654486855421,0.331511399809848,3.39606659959734,0.0322989646786574,0.785399245548546
"152","B1K-22-13",3.58971633541903,0.00722493845372584,3.0634308762836,0.017742602275051,0.349163817235376,0.25449115156937,0.0134162792556489,0.549764346613767,0.271443589666573,3.45119612362799,0.0224479944675275,0.812719536194967
"153","B1K-22-14",3.57696494752979,0.00508782739417081,2.92783219778233,0.0181363188429199,0.378199279575913,0.252997321239721,0.0134635758230935,0.521051636392013,0.318091444522424,3.33895855608024,0.0265162570144954,0.778538465613962
"154","B1K-22-16",3.92422765026923,0.00633439915306298,3.28817346598938,0.0122210786754537,0.463429401506156,0.265134301269901,0.00903174222773842,0.517705212305013,0.409192922359601,3.77029885069869,0.0306694851191778,0.786585108902003
"155","B1K-22-18",4.05182695406191,0.00676383458170468,3.51601324331939,0.0180609791271015,0.44045890585769,0.283869739506525,0.012566895770252,0.487848859517289,0.356768302862634,3.94106069144453,0.0384475260601037,0.776274040079081
"156","B1K-23-01",3.66766428914659,0.00600427408316451,3.11051889950666,0.0234265318066145,0.421611138255518,0.258970413967331,0.0170681207085434,0.510852026990593,0.349837702960553,3.53748582025437,0.0332795154815043,0.771604271257952
"157","B1K-23-02",3.22520550511911,0.00786932312052422,2.7967739398086,0.0220099484854234,0.355606503758159,0.248694595881975,0.0165393358186949,0.524594353763855,0.290235058759781,3.17824553896086,0.0311966741689258,0.780911416426122
"158","B1K-23-06",3.65778696046404,0.00555238509494234,3.1102899718249,0.0198658643029113,0.3709069108638,0.260472302641686,0.014282844904348,0.527337381196169,0.299623410593601,3.51699252229934,0.0298605895746736,0.792034865331651
"159","B1K-23-07",3.49007836205688,0.00855834728448363,3.09883947858811,0.0145616472403714,0.404011297159734,0.260362882984546,0.0105195473091667,0.519969498230084,0.340521591258965,3.54877945746448,0.0380018872065933,0.782651149691216
"160","B1K-23-11",3.80058945540366,0.00578157777597436,3.36974596862074,0.0179085971275103,0.362515322683947,0.274175580099367,0.0128835579652012,0.522847043318593,0.294836417148315,3.72103813422591,0.0301865716324446,0.800636040287827
"161","B1K-23-12",3.98956252070576,0.00909454688977283,3.61556395790121,0.0169274387540901,0.49607420773282,0.286302782467018,0.0122768092619424,0.48214788779567,0.461072140504475,4.08851404030623,0.0457448482883878,0.76770160724262
"162","B1K-23-19",3.59679100799661,0.00572542228806742,3.01143020549614,0.0179034589103245,0.389754499450165,0.263747280948398,0.0134501467454196,0.507031529559004,0.328580893911596,3.40622565694546,0.0274201015216383,0.775677897592074
"163","B1K-24-01",3.170685393373,0.0113604949376156,3.01121199418675,0.0125483907436056,0.325986503390651,0.258353242649023,0.00964431650469897,0.533656115967773,0.314895016810702,3.26199376352611,0.040787118347727,0.790831636747893
"164","B1K-24-02",3.39977572265635,0.00837045041841362,2.97452931050388,0.0137305821385964,0.399575138617959,0.251925912844323,0.01066999943424,0.538149660364411,0.353116231180577,3.37555370955254,0.031222720594927,0.791938778836166
"165","B1K-24-03",3.77340261328192,0.00866136569805832,3.13487378640432,0.0153020673311872,0.433659069062712,0.258408060752636,0.011372614030993,0.527555874596263,0.380823949888486,3.56425571106018,0.0337139685432323,0.784384374497717
"166","B1K-24-05",3.93020800461651,0.00714051670474087,3.49557947780097,0.0160398352835486,0.414208156258532,0.290516657574439,0.0120531650502765,0.479744795814638,0.353243535904877,3.89350075383423,0.0363628400536484,0.775936718151144
"167","B1K-24-07",3.7082271108334,0.00541273656876262,3.30334487259436,0.0163826888699518,0.365120717950526,0.273728640787569,0.0124983235982056,0.515664215218562,0.333589261226898,3.61201291593483,0.0342945206668216,0.789673432520129
"168","B1K-24-09",3.41390302437342,0.00759420810439092,3.10022139975732,0.0173521322100821,0.344979738099371,0.269992047361401,0.0129938782557253,0.51579260168436,0.301698023675077,3.41244765788097,0.034546052749623,0.786230543032675
"169","B1K-24-10",3.39662155216154,0.00783595726049994,2.97430801549735,0.0157983766862497,0.42531760489594,0.254201759867872,0.0117787310463157,0.519589243171697,0.363832713984358,3.38969019730776,0.0335573514526929,0.77983617146324
"170","B1K-24-13",3.13768429475552,0.00901416813838692,2.92996649724596,0.0162014983713461,0.329812492638932,0.257742022397349,0.012277925310562,0.534790049201061,0.29143618925619,3.21865535163309,0.0374894912445034,0.793890816309456
"171","B1K-24-16",3.69054086884043,0.0069542438215371,3.22146921922694,0.0134164420003909,0.427617496617589,0.26535960276844,0.0102753083379967,0.51687881689259,0.351779427434753,3.66332679519514,0.0386652776266186,0.785554000724057
"172","B1K-24-18",3.43905792018555,0.00632771349903135,3.06177054133689,0.0204206117093045,0.321896057088266,0.262685340530772,0.0153808841547828,0.531068519599584,0.254298937155601,3.42001350160621,0.0335808592189209,0.799851013838983
"173","B1K-25-01",3.60430357284094,0.0064286565601569,3.27218564144635,0.0195402412847583,0.381511228583359,0.27607783144619,0.013654784087887,0.50017266104114,0.29285064939819,3.66519657848093,0.0422115733829051,0.780115020871126
"174","B1K-25-05",3.37970660692695,0.00600734610757967,3.01039046852182,0.0182432879485961,0.317391102593729,0.269768357751069,0.0136610419525468,0.509757162794857,0.263917975421275,3.34764117562644,0.0319068959066017,0.781287038368401
"175","B1K-25-08",3.64077624485627,0.00535072666709029,3.11546236422784,0.0195100975418548,0.381066510933313,0.264681000807332,0.0149819684150209,0.517669225417984,0.285506107012854,3.45912296209883,0.0299276634624166,0.789452168607075
"176","B1K-25-09",3.42508062635709,0.0068810763759526,2.99026892988353,0.0185682345721165,0.35263753614068,0.253925471647225,0.0133610515880926,0.543508860374827,0.261936767557533,3.35818342923262,0.0286526337308407,0.797766589168492
"177","B1K-25-13",3.79506137672276,0.00614366246787788,3.45342259426786,0.0174775633207576,0.406543571782486,0.286853656047431,0.0127399004282011,0.490324901396917,0.333622348821022,3.88052850314262,0.0404466110187913,0.779144072554304
"178","B1K-25-15",3.4878999494571,0.00570770013575257,3.01647754476222,0.0171215419615536,0.32399852951198,0.260690608638262,0.0130321654653291,0.531629970257301,0.273080397796609,3.33135415331504,0.0267644794549455,0.795954434522556
"179","B1K-25-20",3.37798958953638,0.00518651007452975,2.92344446789772,0.0186588765206617,0.408076508119551,0.250638852523674,0.0136548288680605,0.532599674474938,0.316391877506381,3.31166605286601,0.0345219650133192,0.78701693065418
"180","B1K-26-03",3.77646089279302,0.00583317357120861,3.31033273350628,0.0166610033141575,0.339882809089957,0.276973151134739,0.0124812977407183,0.516722398245702,0.273376315727094,3.666962918546,0.0301004484624627,0.798335735340635
"181","B1K-26-05",3.65039611236178,0.0075809373238314,3.45389102118522,0.0150442742284519,0.316562794569316,0.284990085531815,0.0109089637743199,0.506577716373176,0.276579377442078,3.77588281376745,0.0408117777991492,0.792281389599806
"182","B1K-26-08",3.80545146101428,0.00717002046931608,3.45721274878225,0.014278067365916,0.373033210351984,0.276825068022737,0.010379641245476,0.523413173397516,0.312689710259006,3.86794405827988,0.0344858240712212,0.804922084788946
"183","B1K-26-09",3.06152994975332,0.00646701221447287,2.84105708801842,0.0176404649225476,0.28207705903252,0.253992215653488,0.0129397583005237,0.528509309469532,0.252182418560682,3.11053531550114,0.0349851496967822,0.787832720038286
"184","B1K-26-11",3.65883138811788,0.0064900257925254,3.26931264421639,0.0160279367456396,0.370670029490763,0.268893336117337,0.0122850805302754,0.519230313591354,0.345651993530441,3.5713318391973,0.0302696935714495,0.788193383202894
"185","B1K-26-13",4.19138820615745,0.00504667501109343,3.49488378047417,0.0150479919073916,0.425919805800098,0.283791699958006,0.0105625736757458,0.493164816520422,0.374572407951472,3.87627128349578,0.0302014599784058,0.77901121815105
"186","B1K-26-16",3.34363518603928,0.00696999583282822,2.92404490840674,0.0173002719497427,0.383176675077462,0.247741536010754,0.0134284456709895,0.543827068143189,0.299625466585957,3.32516098956093,0.03389018906537,0.797042536610169
"187","B1K-26-17",3.78055996812413,0.00589162501618425,3.20562729424567,0.0147722272575093,0.425501729748214,0.264573939296525,0.0105480298979447,0.50954100719198,0.371503123565292,3.62915215469432,0.0285643235568202,0.777398012647465
"188","B1K-27-02",3.53701508758625,0.00890735246607351,3.17960144677233,0.0142001336430902,0.391401919204254,0.268768940942193,0.0105199493428413,0.510152737207125,0.352572380905331,3.54443915359768,0.0362146264075168,0.780414556075282
"189","B1K-27-08",3.38170006454976,0.00923406483975043,2.96433499682719,0.0153264120874934,0.476560872611114,0.234546303865054,0.0114119323171876,0.555947027440025,0.384087655507146,3.50861804529726,0.0381695306764339,0.794166707818037
"190","B1K-27-11",3.38884427053278,0.00478616192427146,2.84851258383387,0.0196647016258226,0.375758496537671,0.236011040323197,0.0146194737044173,0.56544059564502,0.298588137842166,3.19926330544369,0.0267537057156905,0.805790430750623
"191","B1K-27-15",3.60440253316768,0.00714122196944843,3.16877958781699,0.0203567476625666,0.389812629840849,0.26570988973813,0.0148703639484263,0.51746059268116,0.311832649113856,3.58850484696803,0.0327478355005406,0.786249811579162
"192","B1K-27-19",3.70433976856253,0.00743810813736618,3.25914320725732,0.0135291524489655,0.404714640771959,0.263243536331249,0.0100859494751847,0.534790404481405,0.363482442339069,3.64779119287191,0.0313462677078553,0.796195232218149
"193","B1K-28-01",3.21225099168309,0.00643390406092994,2.8844736243151,0.017543673249468,0.33403065803905,0.254580448926798,0.0129187587710226,0.531905805589796,0.286289929128054,3.24046804794754,0.0323152666590802,0.79072259049485
"194","B1K-28-07",3.89689185578582,0.0102229152653612,3.25958141361843,0.0167783902732301,0.424946114275046,0.268829306556437,0.0117082241658552,0.498852990404444,0.333629682025459,3.7501657356174,0.0329662960769548,0.775080160289431
"195","B1K-28-10",3.9493839231777,0.00499813037129343,3.32717103871282,0.0154782754548399,0.41060152589286,0.271817002895717,0.0110658156967994,0.511421626764625,0.332180221845471,3.78077782820225,0.0360144400299443,0.78447659692605
"196","B1K-28-13",3.6756121372915,0.0061040595032699,3.21498066657816,0.0161452308775275,0.396592926430222,0.269283908259221,0.0122685763709868,0.513402704131025,0.354491565471786,3.60972592884598,0.035040573744138,0.785845263100254
"197","B1K-28-15",3.74052336834031,0.00527332608576949,3.2026790932993,0.01744817849997,0.348503852758727,0.269668300827656,0.0129050087206506,0.520842491422501,0.285951140529432,3.54216791171346,0.0296910317643531,0.79585217949262
"198","B1K-28-17",4.10340391257448,0.0068259697633604,3.41883148407626,0.0142012184664972,0.48302191261394,0.272434567639011,0.0103483846679546,0.507863003054093,0.430820007210498,3.89551395483938,0.0280598803293332,0.781078534679682
"199","B1K-29-02",3.44137049923868,0.00608080639845577,2.98847321093506,0.0144590957795404,0.403290566023036,0.253895377864487,0.0108895390100148,0.527029448704704,0.370574827826789,3.3560836580356,0.0318256262359448,0.779661417707275
"200","B1K-29-05",3.69186689393778,0.00617622119866078,3.09307987395822,0.0181071482274653,0.38696081952045,0.263941761180412,0.0132055320235776,0.518143604990294,0.301509794292752,3.51904423231977,0.030135919532749,0.786557800620047
"201","B1K-29-13",3.77276483067442,0.00795978131598234,3.35569543864549,0.013254353608131,0.392184537895237,0.277336520140447,0.00992046485080877,0.502905138468539,0.351059774224595,3.78623682653552,0.0358939203543269,0.780473835113949
"202","B1K-29-20",4.00153554149403,0.00629912810103483,3.44075328121282,0.0144950411601148,0.40747258485674,0.281333834330004,0.0107177927244792,0.50275096047162,0.352692814442042,3.8644626851866,0.0314769210624255,0.787985314624694
"203","B1K-30-03",4.19606330177758,0.00460381008093352,3.49489679416722,0.018397456422858,0.386503348015516,0.276241960210264,0.0136125898094299,0.521474902152865,0.332317011328,3.88880523180865,0.0285097930201203,0.803556218268825
"204","B1K-30-07",3.77795546469147,0.0041380150787483,3.09871844238262,0.0202423888126495,0.331029199504569,0.263267619808029,0.0148923111347392,0.532310165626923,0.27288772174404,3.43719268024145,0.0265313776510638,0.795189411255962
"205","B1K-30-11",4.03732168497043,0.0062188536992722,3.54390469676319,0.0142020590558077,0.367864203394314,0.28573514094167,0.0104091465714346,0.51287918081537,0.317213403079299,3.91050330401264,0.0326629486662113,0.799387488614036
"206","B1K-30-13",4.03308969980841,0.00542919753859967,3.37579546503162,0.0209027154760175,0.414239130180698,0.279677064736,0.0150664589031238,0.48482718436647,0.3165598153549,3.79674210509776,0.0344567762556849,0.772064047410247
"207","B1K-30-20",3.86747769464505,0.0067903481893153,3.26282449451024,0.013691121001347,0.495017926064124,0.267821234959431,0.0096276590397746,0.499977744530594,0.408763925177809,3.81266780768816,0.0391325362602995,0.772442420570407
"208","B1K-31-01",3.47867135776225,0.0071997343628751,3.05032282474898,0.0221264114120328,0.360449772778661,0.255104068696128,0.0165684003960795,0.536452845635274,0.285957246561546,3.39250344040566,0.0336683294158109,0.797351649958618
"209","B1K-31-05",3.5924124696125,0.00592346699190563,3.0861752889695,0.0226709360931643,0.390163398795083,0.260558341490531,0.0165955609597645,0.516451713761948,0.323509348312976,3.48456264677157,0.0334177191759499,0.779081905947214
"210","B1K-31-11",3.04495976834126,0.00866941908897376,2.86681347939043,0.0163683954552602,0.32809690627979,0.25748405067361,0.0116982310671673,0.535845390978297,0.290985992182031,3.16956638290975,0.0363180376762149,0.791482265924134
"211","B1K-31-15",3.47340610623751,0.0106486497935828,3.20308688769579,0.0130253706778071,0.376478312371976,0.269852599281815,0.00983669869962518,0.52329829999585,0.330123874570106,3.54766670548416,0.0365240745978389,0.792785375087787
"212","B1K-31-19",3.72919245736537,0.00442793766921989,3.1067226261614,0.0279468574762126,0.38201098884806,0.25884251443121,0.0205011885539012,0.524625341344139,0.296115754803459,3.52566663033187,0.0295128958011912,0.791520308013389
"213","B1K-32-02",3.77299039297403,0.00657878052975293,3.35241013132712,0.0152412145695169,0.417801789449051,0.271928743053393,0.0111959841529042,0.510075394272558,0.365074805622412,3.82076434199928,0.0426329912080862,0.786606269011051
"214","B1K-32-08",3.21134373442563,0.00727553656309342,2.8380652059073,0.0264069895745081,0.385535321839817,0.249997445810563,0.0184192691138126,0.525281542538312,0.303141394173849,3.23305575005894,0.0341133029309036,0.780074260155205
"215","B1K-32-09",4.19254278945016,0.00585686596821836,3.60173746259245,0.0195712259690598,0.436579672787445,0.286400841661945,0.0127526476016522,0.495866667046853,0.330778866338439,4.09230567770368,0.0357684353926471,0.784816773484035
"216","B1K-32-13",3.59174208014197,0.00653092901510353,3.02972109068602,0.0101284179159221,0.443282680445737,0.26008108917122,0.0084109706320534,0.511759745633948,0.421003207884125,3.51419336725739,0.024797033131465,0.770411088722565
"217","B1K-32-18",3.65519233451154,0.00624878818856063,3.0485144477067,0.0193500314254959,0.457991057565079,0.246685941830206,0.0144340570896285,0.535235672481629,0.372358558492673,3.55561760169505,0.0310020443155461,0.7859926622334
"218","B1K-32-20",3.24871817920299,0.00428342171058975,2.59952241199322,0.0248243937285151,0.312960614216525,0.246036325886639,0.0184870935704788,0.519926709815049,0.256018056062866,2.97593310710537,0.0205074618262429,0.773200357509089
"219","B1K-33-03",3.80535384317562,0.00361321292047281,3.08667105981784,0.0285028214204897,0.368429807146271,0.254736195031918,0.021032954637146,0.537593927866303,0.295232607392336,3.45147392183713,0.0300156471014143,0.79399915640948
"220","B1K-33-06",3.59289110465484,0.00636790278847936,3.24551017136225,0.0161805955692368,0.39635625113709,0.270311593318301,0.0124838447178613,0.518351036078752,0.359312420701768,3.62296089161533,0.0413668415372509,0.7920417837037
"221","B1K-33-09",3.33839812567179,0.00670226041907427,2.82989945973788,0.0166968886312285,0.296634714666002,0.248747354071973,0.01328728341089,0.549299143504319,0.238301639912074,3.13935001826157,0.0191737246442359,0.800009663366193
"222","B1K-33-12",3.7528029415188,0.00975431430226231,3.39772615264673,0.0153340592190085,0.357047311481104,0.284336632344045,0.0111939559596684,0.497320969543226,0.290268939687998,3.76528152773694,0.0387043228667516,0.785130666236982
"223","B1K-33-19",3.61015471579641,0.00545671903190921,3.05001238960213,0.0225684689364579,0.367744893003701,0.254389619098515,0.0170628943153505,0.536815378119714,0.277643982858082,3.43300232233514,0.0277186407894215,0.795104621736858
"224","B1K-34-02",3.41674733075799,0.00611561536054299,3.0130107421379,0.018962704776515,0.357231959128964,0.261042838115297,0.0132168258850859,0.52141760175636,0.277705305464462,3.39095909104083,0.0294824222802086,0.791328289686734
"225","B1K-34-05",3.38327338874716,0.00745688679627081,2.96277926447726,0.0176364960871192,0.365613248240869,0.256252711828114,0.0133562557489221,0.526383536739525,0.306628618024008,3.3450059984892,0.0319038661543253,0.786436063028687
"226","B1K-34-06",3.61061074466259,0.0059434054999368,3.01760712763069,0.0194759779140933,0.391328126486261,0.258431654752587,0.0140691116879581,0.525126508086911,0.313161030013689,3.41921026033426,0.0245690070978395,0.790258330883202
"227","B1K-34-10",3.61816977735803,0.00904724270296647,3.19257091325635,0.0170765859729303,0.395091596621429,0.269977162738234,0.012381817264431,0.507652081200895,0.313640461110834,3.59467083319321,0.0367652361369924,0.783040830913118
"228","B1K-34-14",3.472728876199,0.00859225190776678,3.07906799241501,0.017205472402796,0.406029863857833,0.260201931454136,0.0126448592231546,0.515901711467839,0.351219323954871,3.48173309995149,0.0348866333960219,0.774320370062591
"229","B1K-34-19",3.55274575742764,0.00645199294140706,3.15508054230686,0.0217518596214439,0.365237414610427,0.264928733811836,0.0157767447879878,0.520744720362922,0.306623273298645,3.5387203729183,0.0362536479473213,0.791473865014074
"230","B1K-35-03",3.8537124087556,0.0047593753769569,3.1788202118952,0.0176325455501303,0.346819039848675,0.265847967333536,0.0135528524091103,0.530076777817636,0.270222710778883,3.56523037763038,0.023763811427498,0.802027659803551
"231","B1K-35-04",4.05439773944616,0.0061726525807175,3.45101875632235,0.0190045157463288,0.423451996963585,0.275585580396039,0.0138462341067511,0.506605265417601,0.348250544953294,3.89716054097589,0.0306310714317742,0.786341995016295
"232","B1K-35-07",3.80332906008753,0.00500156999103499,3.13843904974458,0.0227718798899662,0.403689289746645,0.258052469096041,0.0158973191069127,0.528824513057895,0.282882970789868,3.6024406281707,0.0259647112486245,0.795860875348868
"233","B1K-35-08",4.18311304912395,0.00462279597634532,3.33974319906727,0.0144451822735415,0.448395697640485,0.272908955170841,0.0107591647672939,0.504702557494046,0.370811347453898,3.7771874561857,0.0249979832685802,0.782870203951146
"234","B1K-35-11",3.63666974779831,0.00514677531311468,2.97445707678497,0.0209147149806988,0.445326071634452,0.247940942420104,0.0156864765887029,0.531649144845869,0.367750252809236,3.48102831089156,0.0308381541082979,0.783258879154334
"235","B1K-35-13",3.47642283594575,0.00668139261576302,3.02595965545133,0.0260362220423612,0.402989280725695,0.25946950811324,0.0189428781955867,0.516024074292514,0.316255850796678,3.43370086106639,0.0354021238768236,0.77953976899616
"236","B1K-35-19",3.66442721504303,0.00592178469208292,3.01091992109335,0.0196928131697102,0.430920004912789,0.252165004914065,0.0145626667273271,0.524662538760963,0.345551964974795,3.45981090918889,0.0260810182169228,0.782299735254818
"237","B1K-35-20",3.83563326384551,0.00547657296056724,3.23562883614831,0.0210577554937481,0.470537181621283,0.263407845476873,0.0153192511948094,0.511143757813847,0.371083813055324,3.76590058797792,0.0367897143474745,0.782647326810446
"238","B1K-36-02",4.09465793252162,0.00598012372921171,3.56111881750622,0.0149206256124378,0.394280084686789,0.281789345161465,0.0105642839192699,0.5098029957697,0.331019989564817,3.93875893068282,0.0334304429118798,0.793312332600685
"239","B1K-36-04",3.92033749121072,0.00655307153535779,3.49101769491852,0.0154780085103938,0.361023008811316,0.279929883617922,0.0113206760544651,0.523448425892436,0.307926267258271,3.83923515280872,0.0340712155753629,0.804515782959023
"240","B1K-36-06",3.49849019252417,0.00603995937685062,3.17781784082215,0.0151288191576225,0.319394712240971,0.270706281860357,0.0116212879005857,0.524121120767094,0.299623410593601,3.45973029019159,0.0331485910615597,0.79487518226082
"241","B1K-36-11",3.6720182194804,0.00814229930755064,3.19850386369126,0.0176200224506268,0.341811966058627,0.264212585786938,0.013144116574799,0.534983723165065,0.272482706578572,3.56978898127842,0.029625185237174,0.804790153235824
"242","B1K-36-15",4.04496317205916,0.00559275809047742,3.33150652317411,0.0162504949933425,0.461289659834527,0.267423862478908,0.0118770760582936,0.510967131451198,0.38064385136851,3.83739022943772,0.029637244483073,0.781752083732047
"243","B1K-36-16",3.48451181912576,0.00786761365763763,3.09205846261927,0.01920316275773,0.331930402931214,0.25719822919421,0.0145248268610396,0.542687386907607,0.27070465122824,3.45911524012549,0.0341620481214703,0.803543812328428
"244","B1K-36-19",3.48870517387654,0.00667362604195643,3.17282657845167,0.0245198758026444,0.338195403259094,0.264666692529896,0.0181271493580091,0.529401451094664,0.252058003637342,3.5300683928503,0.0349759707633705,0.797826400602863
"245","B1K-37-06",3.47410221636961,0.0056305408991563,3.03043074578164,0.0136114788500451,0.336313604125285,0.257296787747581,0.0108222118904901,0.545436387089792,0.276656109263196,3.36217922130746,0.0241527396500079,0.803344480223602
"246","B1K-37-11",4.02630821639645,0.00519940189249382,3.28488769859916,0.0169344836928533,0.497976764087666,0.261539981275371,0.0112121855436395,0.502545509657839,0.399087655507146,3.90929941184717,0.0379789115519699,0.764625803808486
"247","B1K-37-15",3.67927490293955,0.00666395687639498,3.19220900391174,0.0163089134896464,0.361097601535801,0.263613363975709,0.0122390189612883,0.53233225770791,0.287495417417813,3.6097920056267,0.0307344623479224,0.799962461548033
"248","B1K-37-19",3.72989809097136,0.00542524852747416,3.12586418616116,0.0187660471300906,0.418422004251135,0.258525564479063,0.0139855812967297,0.530941040393431,0.341976114532492,3.5831019610067,0.0294398252588592,0.792488108267671
"249","B1K-37-20",4.15240148659414,0.00599940876740443,3.63182107754807,0.0194947409462318,0.405248656849844,0.280933441020552,0.0140266894067028,0.518661752457125,0.32087036439711,4.07655490080804,0.0362844521904236,0.802786832547005
"250","B1K-38-01",3.75558770313314,0.00702040683660293,3.36472456461257,0.0186052183354103,0.416550228592929,0.272180002552869,0.0136986430681923,0.516556687363506,0.33302666232613,3.79082249655145,0.0338515899466417,0.796573775855418
"251","B1K-38-08",3.74181177652348,0.00560192990738795,3.42492873168264,0.0145915617599723,0.331419761932144,0.288036350015356,0.0113028231834873,0.500709101012119,0.325255139784826,3.68222952371358,0.0348025039728655,0.787262962488504
"252","B1K-38-12",4.08989131451411,0.00506964587264192,3.4517204142532,0.0155161225216821,0.429182723155145,0.277702989493027,0.0113206631825825,0.500960512251598,0.356119993349597,3.87709381049373,0.0331794661124108,0.780146326890905
"253","B1K-38-14",3.95095948177389,0.006883534723959,3.43034513932929,0.0279551851884963,0.430581160898962,0.271283778687457,0.021163457366717,0.516688337895812,0.324282730398892,3.91824578594249,0.0341413028896973,0.798572397719112
"254","B1K-38-20",3.56001321568902,0.00934215637068899,3.21701782024717,0.017697747336217,0.351250067593348,0.268167241557131,0.012615318234523,0.525963796759543,0.267388089077711,3.58688216026768,0.0377089758424903,0.7956717614234
"255","B1K-39-02",3.78084308061074,0.00667373066509093,3.33939437233476,0.0147089123207921,0.449773013099125,0.269413600319834,0.010516883754578,0.510257448888134,0.378473081560681,3.83934607385148,0.0332333579346306,0.782751329243004
"256","B1K-39-07",3.93227188623622,0.00511921799270597,3.11434143733678,0.0213583647623815,0.449147969103539,0.257194614167013,0.0154777270831358,0.512545361889303,0.357412863785919,3.59284245795405,0.0278359537612529,0.77680636150249
"257","B1K-39-12",3.73258685135115,0.00547323520642777,3.29149886047538,0.0155599753613263,0.345486493957513,0.280789159597811,0.0115499073516253,0.501262323639689,0.302734783516411,3.61395879056899,0.0348782204634992,0.788183517668019
"258","B1K-39-16",3.84543124073936,0.00650504212471975,3.28131899731804,0.0206834008943233,0.438639895284883,0.26248976243723,0.0148853527969739,0.518950988479368,0.357662159615115,3.73782082333169,0.0305031133084817,0.787731998963143
"259","B1K-40-02",3.72559916367599,0.00874595484876336,3.39434752281467,0.015639413781576,0.401739792833651,0.276857845852617,0.0114338749244387,0.506745507220815,0.365666228950198,3.7934637351523,0.0396726942587685,0.781211930441412
"260","B1K-40-11",4.00744001835624,0.00526147285347692,3.42272424320822,0.0188279145982982,0.371209568366274,0.281037407297278,0.0136277080768214,0.50643423406053,0.304261160380691,3.79239930472334,0.0297268019153609,0.78897828834796
"261","B1K-40-17",4.18566218555655,0.00329116230489004,3.153061523496,0.0156744997276007,0.402933767579061,0.259307202530019,0.0119388636913379,0.53705656044177,0.351358380401539,3.542386148931,0.0180756958779468,0.795617844577522
"262","B1K-41-03",4.00201741931992,0.00640703157607651,3.5485434767868,0.0144526346175467,0.426746506457266,0.280509421296967,0.0106725467321567,0.504276225657689,0.361854846758676,3.95026225179271,0.0409877219220446,0.787466824343799
"263","B1K-41-08",3.88742013651142,0.0062453450246931,3.39726099125843,0.0148488394816711,0.41028974030246,0.276189116981119,0.0112033621854889,0.504228336182596,0.371165896573764,3.79373005290349,0.0302449648310331,0.782476989849214
"264","B1K-41-11",4.08308095172225,0.00709611290187225,3.44616591020458,0.0144055133096734,0.479989645663418,0.280003260038482,0.0104494308877811,0.485047358507117,0.398422357738276,3.96400969862413,0.0339758329990985,0.765484571235837
"265","B1K-41-13",4.04893288093586,0.006069423443715,3.6047813959775,0.0153231722641751,0.366503320884254,0.291670957304539,0.0102495372787326,0.501648899723621,0.289191908087502,3.92254943069034,0.033085760971904,0.793928179088077
"266","B1K-41-18",4.08785231545814,0.00608114181888683,3.62185988933543,0.0114277300623863,0.408676504779576,0.288289411333516,0.00832573397135498,0.494550315135727,0.379901092775262,4.02064137114044,0.033394905916938,0.783372165210118
"267","B1K-42-01",3.85863096620037,0.00537723927162896,3.39993376775517,0.0219129266286808,0.368716231289434,0.278950767737721,0.0155948673661623,0.5044025028793,0.295807249573373,3.80749240857105,0.0402837364431358,0.788296797328568
"268","B1K-42-07",4.0289073724943,0.00689996308760002,3.49807399756162,0.0134349617074318,0.482460515669801,0.279216769398966,0.00947915043238385,0.492108847738715,0.394830780434,4.01913372079201,0.0383509628657644,0.776613922809627
"269","B1K-42-10",3.6599750965156,0.00653830348993109,3.16477203567819,0.0204756645263806,0.446442588559286,0.260247809646069,0.0151925324629098,0.517998392618661,0.342843282433255,3.67189152456252,0.0317121503658087,0.786564977169152
"270","B1K-42-17",3.97095078859785,0.00397583693055951,3.2638829716413,0.0192514045214617,0.332128433883727,0.280690218247444,0.0144582147739289,0.507120636356893,0.272302457772509,3.59630168683734,0.0274915228109944,0.789537043908478
"271","B1K-42-19",4.05398441693515,0.00396247361044011,3.29060473929954,0.0184416829701102,0.340859934177724,0.273705860369509,0.0136219640007268,0.516980299950188,0.286045354905709,3.68207253128791,0.0281148985555768,0.798320427936419
"272","B1K-43-04",3.8549649999759,0.00570936768818997,3.30520919425361,0.01792835573447,0.376523186259508,0.275082110711251,0.0133929186124156,0.510167689132509,0.342785504396361,3.63838483773022,0.0303239385911439,0.784091849495456
"273","B1K-43-05",2.70062952169798,0.00861005761021504,2.35235516466172,0.0364439626359706,0.394378478886656,0.207600989514553,0.0264760565573889,0.585161011216353,0.261742559983314,2.77575067497613,0.0301435450765785,0.805279261395599
"274","B1K-43-11",3.60524048678381,0.00556415563839645,3.16444345236998,0.0186799994418297,0.364858339652699,0.261519752730461,0.0132808563897758,0.53631702943074,0.272873240549266,3.57111315740671,0.0328885747249687,0.801362701764841
"275","B1K-43-14",3.83470918705703,0.00511333663928578,3.18019176836113,0.0167432203833563,0.405666169185064,0.258756679258386,0.0125830933366729,0.535144972379477,0.339385380078956,3.56986566745002,0.031358286139416,0.793670371040889
"276","B1K-43-15",3.77998299624638,0.00663241374749591,3.17405614704447,0.0205362040149797,0.424009365434477,0.258025528817133,0.0145106860376812,0.530288888591054,0.310610478997613,3.63290638828464,0.0287860095752128,0.79440096325139
"277","B1K-43-20",3.49082550772444,0.00609009319640221,3.08074285631184,0.0179936622532395,0.349507979276897,0.265532192995198,0.0127977437835066,0.518348294450967,0.289807369616501,3.4536800862081,0.0330266060995736,0.784370849655473
"278","B1K-44-02",4.01111426551486,0.00764255784646734,3.50826071235357,0.0140583144102326,0.473425031011075,0.275025082065365,0.0101391963727207,0.498379305225316,0.3875550421491,4.0323441958133,0.0349125332560191,0.778843536268653
"279","B1K-44-06",3.49806367930925,0.0117800752633262,3.23038805075976,0.0163551432565356,0.436461872975877,0.270095155394303,0.0117999148558621,0.493854425835737,0.380194224879839,3.63983453877492,0.0440690159059976,0.764195415414343
"280","B1K-44-09",3.78957967075641,0.00875067412119699,3.45680765079629,0.0146558806070586,0.405138869721086,0.280192986567206,0.0108143697884852,0.504927238397771,0.335665525035502,3.87146739343508,0.0416311690943752,0.791357086219867
"281","B1K-44-14",3.51424847571784,0.00838446300476392,3.00009366084787,0.0169178584368025,0.496225465014869,0.2497346079599,0.0122504875875969,0.525446646057015,0.426870899701354,3.50221015363655,0.0316769757318997,0.779246112458379
"282","B1K-44-20",3.80525425215831,0.00701842631147208,3.30878789832442,0.0211191582650367,0.412626982561815,0.271505603027416,0.0158635075564197,0.503747961349209,0.341928722354079,3.72463153052304,0.0346088155682664,0.780921571462903
"283","B1K-45-02",3.91409207817637,0.00710001860676295,3.44049709949485,0.0155699919105344,0.412829099564229,0.274908488764144,0.0114171904495181,0.522356668170625,0.374593029111338,3.81191063128678,0.0338149063192615,0.795058441715695
"284","B1K-45-05",4.04759808570284,0.00489542200091114,3.30614564318793,0.0180519599506083,0.391096784521901,0.268180947415466,0.0135156209658762,0.522826898051035,0.31791295344673,3.74122265842235,0.0243848299283664,0.796576634609561
"285","B1K-45-09",3.79294521075114,0.00879699929480918,3.27099164132678,0.012566851644067,0.514703250815893,0.263333960718197,0.00900999425727677,0.510576708229186,0.416752707657178,3.82940027562395,0.0355859224472431,0.782224672549238
"286","B1K-45-10",3.76232461962955,0.00710909744603352,3.24711441818741,0.0156356005946988,0.418184525493955,0.264630022194682,0.011432172588732,0.529912543426345,0.310826119227226,3.70059507588595,0.0291530366518117,0.801297777754241
"287","B1K-46-03",3.67319070818735,0.00978287741744064,3.31638152517181,0.0149695921016354,0.382433920277361,0.272323805978946,0.0115209167410451,0.520700147765985,0.32453151333818,3.66099005638813,0.0371263060826814,0.796090563763669
"288","B1K-46-07",3.82536392144172,0.00628066927357155,3.38501259294707,0.0139246221511548,0.378834753284157,0.279191413190261,0.0103434106312065,0.511479709560749,0.355580114882694,3.72872090245153,0.0333715050764339,0.792103363385753
"289","B1K-46-15",4.19321900603199,0.00627167440200531,3.66541261081938,0.014120262049538,0.406040752262731,0.286890548696677,0.0106377902638742,0.503712483700247,0.367565946119268,4.05839229591337,0.0363878970110337,0.790153338022543
"290","B1K-46-20",4.08664922722556,0.00691372419753976,3.4841009861037,0.013367083989116,0.470848138099605,0.27635315050759,0.0100121847643674,0.501325585643777,0.399540402316984,3.9878953676177,0.0340471905969587,0.780430050550714
"291","B1K-47-04",3.50015541699199,0.00645860998136742,2.89450187009629,0.0225142463987687,0.435439369776024,0.23385466791823,0.0168346354854125,0.556929156255271,0.333510935833342,3.38556372133063,0.0264904548997704,0.799747044300764
"292","B1K-47-08",3.91059025398917,0.00822044965416438,3.58522528358692,0.0147643220597969,0.39839021938387,0.289640717482252,0.0105038774779899,0.492887893458453,0.326935832092025,3.97335708180458,0.0399534168428233,0.786067761000232
"293","B1K-47-12",3.54583854616485,0.00561036265791205,3.11503300417421,0.0145631154953871,0.332836317182422,0.266568799709796,0.0108218759768348,0.526564046297857,0.278638456191362,3.4753680172937,0.0276169671552546,0.795821789643946
"294","B1K-47-20",3.46659132184355,0.00462464872197344,2.91580807199232,0.0185105691360244,0.364530399382461,0.26284997115487,0.0137853330988473,0.501009249081036,0.322259683588395,3.21607242859371,0.0212120029896225,0.761606932610115
"295","B1K-48-03",3.72944422310068,0.00817688057376772,3.43177820994479,0.0185103171816944,0.337937124603434,0.288870528543238,0.0133867658906497,0.49161446239906,0.287930242181497,3.78477570751915,0.0396765866496723,0.782504222650481
"296","B1K-48-06",4.42741864850106,0.00418362435279851,3.67654843918208,0.0187360157517805,0.312860357381824,0.308044486904879,0.0131984639571415,0.468601754564291,0.258402441869252,3.98532246342443,0.0310571678057754,0.777011825107013
"297","B1K-48-11",3.51989204823482,0.00754801868560418,3.13379253639558,0.0188487060443858,0.373502906926461,0.260172377344437,0.0143416826026044,0.529172510010412,0.303819677348609,3.5221286498565,0.0285750956059157,0.793578661273375
"298","B1K-48-13",4.16952779094506,0.00413177598516396,3.40267959385933,0.0212809436985269,0.375491457342751,0.273320796162374,0.0152142710300211,0.519026348435579,0.287509855462474,3.80217006618182,0.0248442085329241,0.796427202607253
"299","B1K-49-04",3.26280399853999,0.00762292043126966,2.99978959982768,0.0174425324739503,0.360560586949153,0.257170620806263,0.0124204518845421,0.530319909775303,0.30271322857788,3.36459071550364,0.0328111463612532,0.791463708703992
"300","B1K-49-08",3.92153291070969,0.00532874927376407,3.34359564305251,0.0179163652848965,0.379544620936479,0.274879915626721,0.0131638964552398,0.509322177270547,0.329433056196374,3.72102843929605,0.032515431276108,0.787313403390506
"301","B1K-49-10",3.84435379116351,0.00914926049780565,3.42171396125843,0.0155095769594046,0.480390609967926,0.272642737213375,0.0110442076750483,0.496284825622768,0.385708135564366,3.92620776787168,0.0431219070185085,0.775274489058797
"302","B1K-49-11",4.37034800660756,0.00842707141389881,3.72028264161635,0.0158001239405522,0.662163765734196,0.277367808003345,0.0112102974067105,0.469513775622747,0.502420444186974,4.33300386236998,0.045041182538585,0.75665654691995
"303","B1K-49-13",3.49163587405476,0.00480463012568198,3.0090838315889,0.014848277169454,0.323699251737214,0.266130962773694,0.0110059018462824,0.522943081018787,0.263316695219247,3.37660101454002,0.029779069730558,0.791245071128136
"304","B1K-49-18",3.8919035572107,0.0043799829432895,3.006647216244,0.0198920957927055,0.410348479811036,0.24870134526743,0.014549478920341,0.545499862149641,0.319668759698364,3.4731433869736,0.0196422384346443,0.799488407184165
"305","B1K-50-04",3.12998185875619,0.00839787320900514,2.85045428394183,0.0205642041520871,0.335916636443349,0.240993187865702,0.0154305853603934,0.562666821586518,0.271147629630485,3.22132392000729,0.03145479565794,0.808368374386827
"306","B1K-50-07",3.08529678564876,0.00801036435025088,2.83933552008019,0.0201696681366249,0.348969263912655,0.244402628783824,0.015314099422999,0.54627704122566,0.290578210017432,3.21904633277871,0.03084495894214,0.796389009089024
"307","B1K-50-12",4.27549561270928,0.00378447649243531,3.33601915877861,0.0198995772763745,0.389638896165951,0.276870213391619,0.0147622500321399,0.50247300714945,0.329749807336735,3.7297081591923,0.0278406381210964,0.783805221593323
"308","B1K-50-14",3.72003062157952,0.00839909450757595,3.25756128995933,0.0146796665260989,0.435250635644467,0.267574019470001,0.0111996750359042,0.507329161834204,0.386768302862634,3.67169173910925,0.0370437044583474,0.777298864389551
"309","B1K-50-20",3.55721566527368,0.00512450628414121,2.98099943758204,0.0204127968658207,0.379946192344884,0.25634612428698,0.0155980531844357,0.532712955431609,0.299277057805275,3.39344321073721,0.0278534732942555,0.792641650638377
"310","B1K-51-01",4.20534097673522,0.00775960469535231,3.76314284663648,0.0159058851912731,0.45950719708074,0.291655590863511,0.0110404692054046,0.48839291671069,0.390416495670267,4.2789789287246,0.0399344372134634,0.781053064381708
"311","B1K-51-04",3.38295195948402,0.00690064161862148,3.07895570800952,0.0220366963250233,0.356886791819894,0.256524078997237,0.0158093639708094,0.541966220711096,0.28865378012937,3.4992460073083,0.0323540672455662,0.802297088606279
"312","B1K-51-07",3.93435299546688,0.00461038682340908,3.250976239281,0.0158343945867611,0.382919512652848,0.26906875040448,0.0120400068605061,0.520253100488811,0.343509668014813,3.6383946275975,0.0244986194007771,0.790248273157225
"313","B1K-51-10",3.67054023163025,0.00574408731268215,3.30327819250516,0.023670404725214,0.366566563106565,0.266692684003448,0.0177364037835049,0.52832946709232,0.294646478141867,3.6869574632214,0.0431268568367456,0.798613177159493
"314","B1K-51-13",3.92730247283267,0.00771750359124174,3.56764155340447,0.0172101909455698,0.410149639843022,0.286254076801438,0.012275376047949,0.495283314759644,0.318321278271353,3.96747477942773,0.0411913188534425,0.785361910354857
"315","B1K-51-19",4.0906263351027,0.0076547646188263,3.73012930554887,0.0145208489630799,0.46799194009042,0.293662413615853,0.0106930207858077,0.474466512676864,0.402521320070352,4.21691492727462,0.0395347818332595,0.770226643988477
